family,representative_work,year,problem_type,primary_input,primary_output,l1_schema,l2_partial_observation_benchmark,l3_shared_posterior_object,l4_mechanism_decoder,l5_reporting_decision_layer,threat_type,borrow_or_fight,why_it_matters,main_gap_vs_our_target
Direct supervised PLGA predictor,Predictive Modelling of Drug Release from PLGA Microparticles Using Artificial Intelligence and Machine Learning,2026,PLGA supervised prediction,formulation descriptors + early release,cumulative release after 24 h,partial,weak,no,weak,weak,direct benchmark,fight,New PLGA-specific benchmark pressure with larger harmonized dataset,Still no shared cross-mechanism object or benchmark contract
Explainable LAI forecaster,Predicting early and complete drug release from long-acting injectables using explainable machine learning,2026,LAI few-shot forecasting,321 formulations + material characteristics,early release + release type + complete curve,partial,partial,no,weak,partial,direct benchmark,fight,Closest external neighbor on LAI curve prediction and explanatory story,Treats forecasting mainly as transformed supervised learning not feasible-state inference
NC/Bannigan few-shot and zero-shot ML,Bannigan et al. Nature Communications,2023,LAI few-shot/zero-shot prediction,descriptors +/- early target points,release profile prediction,partial,partial,no,no,weak,direct benchmark,fight,Owns the widely recognized baseline identity for LAI release ML,No shared posterior-family object or mechanism-routed contract
Liposome IVR workflow,A machine learning workflow to accelerate the design of in vitro release tests from liposomes,2025,assay workflow + kinetic class prediction,liposome properties + IVR method parameters,release profile type / kinetic class,partial,weak,no,strong,partial,bridge benchmark,borrow,Best current non-PLGA release workflow with mechanism-aware assay discipline,Not a shared partially observed forecasting benchmark
FormulationLAI,FormulationLAI: A physiology-based machine learning framework for accelerated development of long-acting injectable formulations,2026,closed-loop formulation platform,PBPK + MD + formulation descriptors,cumulative release fraction and formulation guidance,partial,weak,no,strong,strong,platform threat,defend and borrow,Strong translational and platform narrative that can outflank pure benchmark papers,Not organized around a shared release-state family or audited cross-mechanism benchmark
Hydrogel active learning,Automated active learning to optimize hydrogel drug release profiles,2026,active optimization loop,hydrogel formulation space + assay feedback,release-targeted next experiments,weak,weak,no,weak,strong,platform threat,borrow and defend,Shows how release value can shift from prediction to experimental acceleration,Competes on workflow utility more than unified release inference
Physics-informed nanocarrier design,Integrating machine learning and physics-based modeling for predictive design of gemcitabine-loaded nanocomposites,2026,physics-informed design optimization,59 formulations + 200 synthetic physics-informed points,LE/EE design space + optimal region,partial,no,no,strong,strong,adjacent hybrid,borrow,Shows physics-informed design rhetoric that reviewers may value,Not actually a shared release forecasting stack and not full release trajectory work
AI/ML optimization review,Artificial intelligence and machine learning guided optimization in drug delivery,2026,field-level optimization synthesis,review of ML-guided optimization workflows,conceptual optimization framework,partial,no,no,partial,strong,field narrative,borrow,Defines the broader trend toward self-driving formulation science,Does not own a concrete shared release benchmark or posterior object
FormulationAI platform,FormulationAI: a novel web-based platform for drug formulation design driven by artificial intelligence,2023,web platform / computational pharmaceutics,drug + delivery-system descriptors,property prediction and formulation exploration,strong,weak,no,weak,strong,platform threat,defend and borrow,Owns the user-facing platform narrative and computational pharmaceutics language,Not release-specific and not built around partially observed forecasting
Scientific Data PLGA dataset,Dataset and formulation parameters of drug-loaded PLGA microparticles,2025,data infrastructure,literature curation,AI-ready dataset,strong,no,no,no,weak,infrastructure,borrow,Shapes what can become benchmarkable and reproducible,No forecasting object or shared inference contract
AI-ready IVR/formulation data,Making in vitro release and formulation data AI-ready: A foundation for streamlined nanomedicine development,2025,data infrastructure,release + formulation standardization,AI-ready data workflow,strong,no,no,no,weak,infrastructure,borrow,Directly relevant to federation and metadata discipline,Still stops at data readiness rather than shared release intelligence
