comparator_or_layer,put_in_section,role_in_paper,why_it_matters,recommended_use,do_not_do_this,evidence_anchor
NC_Bannigan_2023,Introduction_and_Discussion,"few-shot/zero-shot direct benchmark rival","Defines the clearest public benchmark identity for sparse-prefix release prediction","Use as the clean direct-regression foil and deployment language source","Do not imply we already cleanly dominate all its practical deployment strengths","Nature Communications 2023; outputs/45_input_source_ablation/input_source_summary.csv; outputs/46_direct_curve_rf_input_ablation/theta_vs_direct_summary.csv"
release_specific_ML_review_2025,Introduction,"field default algorithm family","Defines reviewer prior for 'standard ML for release'","Use to show the field is still centered on ANN/RF/XGBoost/SVM style supervised ML","Do not treat a review as if it were a benchmark competitor","CMPB 2025 review"
computational_pharmaceutics_review,Introduction_and_Discussion,"umbrella ambition and hybrid workflow legitimacy","Lets us be bold without sounding detached from formulation science","Use to justify mechanism-aware and hybrid workflow ambition","Do not cite it as if it proves our benchmark claims","ADDR 2021 computational pharmaceutics review"
PLGA_shared_benchmarks,Results,"main internal empirical core","Shows early signal dominance and mechanism-route value on audited PLGA tasks","Keep direct-Q vs mechanism-route central","Do not hide route-ranking divergence on timing/shape","outputs/45_input_source_ablation/input_source_summary.csv; outputs/46_direct_curve_rf_input_ablation/theta_vs_direct_summary.csv; outputs/82_release_capability_snapshot/summary.txt"
liposome_bridge,Results,"first non-PLGA retrospective bridge","Proves the shared interface is no longer PLGA-only","Use as the main cross-mechanism retrospective result","Do not oversell as complete cross-mechanism validation","docs/liposome_bridge_verdict_2026-05-29.md; outputs/80_liposome_group_by_api_our_et_refined/metrics_summary.csv"
timescale_and_shape_layer,Results,"keeps the paper from collapsing into curve-fit only","Shows route superiority depends on target object","Keep t10/t50/t80 and burst/tail visible","Do not claim universal duration superiority","outputs/82_release_capability_snapshot/plga_timescale_snapshot.csv; outputs/82_release_capability_snapshot/liposome_shape_snapshot.csv"
prospective_lock,Results_or_EvidenceBox,"prospective discipline before reveal","Shows stronger evidence behavior than a purely retrospective paper","Present as locked preregistered stress test","Do not present as completed validation before reveal","outputs/67_chitosan_prospective/lock_metadata.json; docs/PROSPECTIVE_REGISTRATION_chitosan_batch1_2026-05-28.md"
FormulationLAI_and_platforms,Discussion,"dangerous adjacent translational systems","Compete on workflow value more than benchmark purity","Use to motivate decision-support future direction","Do not let them define our main empirical contribution","FormulationLAI 2026; FormulationAI 2023; ADDR 2025 optimization review"
schema_and_dataset_papers,Introduction_and_Discussion,"benchmark federation legitimacy","Support metadata-first and reusable benchmark framing","Use to justify shared contracts and release-data federation","Do not treat schema papers as algorithmic rivals","Scientific Data 2025 PLGA dataset; Digital Discovery 2025 liposome workflow"
