object_label,action_class,primary_role,main_risk_or_value,our_best_response,current_local_edge_or_gap
NC / Bannigan,fight,benchmark_rival,default_few_shot_release_baseline,beat_or_differentiate_on_partial_observation_forecasting,edge_in_L2_L3_and_family_object
Explainable LAI few-shot,fight,benchmark_rival,simple_and_reviewer_friendly_release_predictor,beat_on_harder_OOD_and_beyond_curve_targets,edge_in_middle_object_and_target_layer
Larger-scale PLGA supervised predictor,fight,benchmark_rival,can_shrink_us_back_to_PLGA_local_story,reframe_open_slot_as_shared_stack_not_best_PLGA_regressor,edge_in_non_PLGA_bridge_and_object_contract
Liposome IVR workflow,borrow,workflow_borrow,credible_non_PLGA_assay_and_packaging_discipline,borrow_intake_and_assay_summary_discipline,we_gain_non_PLGA_bridge_reality
Scientific Data / AI-ready release data,borrow,infrastructure_borrow,defines_schema_and_benchmark_norms,borrow_schema_metadata_and_federation_discipline,we_gain_shared_data_contracts
Computational pharmaceutics / hybrid modeling,borrow,language_borrow,provides_scientific_non_black_box_frame,borrow_scientific_language_and_modeling_discipline,we_gain_mechanism_specific_decoder_story
FormulationLAI,defend,platform_threat,can_look_more_translational_and_useful,reframe_outputs_as_release_decisions_and_assay_value,current_gap_at_L5_reporting_decision
FormulationAI,defend,platform_threat,can_capture_AI_plus_formulation_decision_support_story,connect_scientific_core_to_decision_support_language,current_gap_at_L5_reporting_decision
Active-learning / optimization systems,defend,platform_threat,can_look_better_for_experimental_guidance,move_toward_release_intelligence_then_decision_support,current_gap_in_route_consistent_duration_shape_UQ
