work,year,venue,system_scope,algorithm_family,input_output,strategic_role,notes
Bannigan et al.,2023,Nature Communications,polymeric long-acting injectables,tabular model zoo few-shot/zero-shot,descriptors plus optional early points to release,fight,Canonical external benchmark identity
Machine learning in drug delivery,2024,Journal of Controlled Release,field-wide drug delivery review,review umbrella framing,drug-delivery complexity to ML framing,borrow,Useful umbrella language not a direct benchmark rival
ML integrated with in vitro experiments for PLGA nanoparticles,2025,Scientific Reports,PLGA micro/nanoparticles,linear PCA GPR ANN,literature descriptors to release guidance,borrow,Shows concrete release-model papers appearing in broad open venues
Utilizing ML for predicting drug release from polymeric DDS,2025,Computer Methods and Programs in Biomedicine,release-specific review,review of ANN RF XGBoost SVM ensemble,formulation data to release prediction families,borrow,Good evidence for what reviewers see as standard ML
ML workflow for liposome IVR tests,2025,Digital Discovery,liposome IVR workflow,release-class classifier workflow,formulation plus IVR method to release class,borrow,Strong adjacent workflow/infrastructure reference
GA optimization of tree models for liposome release,2025,Nanoscale,liposome release prediction,RF XGBoost GA SHAP,cargo/carrier/media descriptors to release profile,fight-adjacent,Shows non-PLGA direct release modeling pressure
ML predicts tablet release profiles and kinetic parameters,2025,The AAPS Journal,oral tablets dynamic dissolution,supervised tabular ML,tablet formulation to full profile plus kinetic params,borrow-adjacent,Useful evidence that formulation->profile prediction is spreading outside LAI
Polymer microparticles challenges and role of ML,2025,International Journal of Pharmaceutics,LAI polymer microparticles,review positioning,formulation complexity to ML opportunity framing,borrow,Strengthens formulation-science language
AI and ML guided optimization in drug delivery,2026,Advanced Drug Delivery Reviews,cross-modality drug delivery,review of surrogate modeling BO active learning,formulation/process space to optimization workflow,defend,Best evidence for platform/optimization pressure
Interpretable two-stage ML for PLGA microspheres,2026,Pharmaceuticals,PLGA 321-curve setting,staged interpretable supervised ML,formulation plus early release to early/full release,fight,Closest current PLGA direct-release adjacent rival
