page,title,core_claim,bullets,visual_primary,visual_secondary,presenter_emphasis
1,我们不该再把这件事讲成一个更强的 PLGA predictor,最该占的位置是 shared release-intelligence stack 而不是最好单模型,"shared release-intelligence stack|not a universal solved model|竞争点在统一的 benchmark/object/reporting 层",outputs/91_release_paper_figures/figure1/figure1_problem_framing.png,,先改框架不要先掉进又一个模型
2,外面现在不是一个对手而是三种压力,外部对象必须分成 benchmark rival platform threat infrastructure borrowing target,"benchmark rival 抢谁预测更好|platform threat 抢谁更有用|infrastructure 定义标准输入流程语言",docs/drug_release_battlecard_zh_2026-05-29.csv,outputs/92_release_strategy_figures/competitor_landscape/competitor_landscape.png,先拆战场再谈输赢
3,我们当前最硬的 moat 在 object/benchmark 层不在 platform 层,当前最确定领先的是 L2 和 L3,"L2 partial-observation benchmark|L3 shared posterior-family object|L2 +0.50 vs best external|L3 +1.00 vs best external|L5 -0.25 vs best external",outputs/92_release_strategy_figures/stack_occupancy/stack_occupancy_panel.png,outputs/109_release_stack_occupancy_comparison/stack_layer_advantage_summary.csv,讲清楚到底赢在哪
4,PLGA audited core 早期释放是真主信号 middle object 不是装饰,PLGA 主线已经有硬证据,"formulation-only OOD 不稳|early-only 很强|theta-minus-direct 稳定正增益|middle object 不是 narrative add-on",outputs/91_release_paper_figures/figure2/figure2_plga_core.png,outputs/82_release_capability_snapshot/summary.txt,这是整套故事地基
5,Liposome bridge 这已经不是一个 PLGA-only 故事,shared release interface 已经越出 PLGA,"group_by_API pooled R2 0.903 vs 0.864|group_by_release_method pooled R2 0.903 vs 0.457|non-PLGA bridge 已存在|路线胜负仍 target-dependent",outputs/91_release_paper_figures/figure4/figure4_liposome_bridge.png,outputs/82_release_capability_snapshot/summary.txt,证明 unified interface 不是空想
6,统一可以但不能乱统一,当前能统一到接口对象报告层不能硬统一到底层物理 latent,"统一 schema|统一 benchmark|统一 posterior-family object|统一 mechanism-specific decoders|不统一 raw physical theta|不吹 universal solved model",outputs/91_release_paper_figures/figure1/figure1_problem_framing.png,docs/unified_release_intelligence_contract_2026-05-29.md,把胆子大变成有边界的大
7,现在最不能乱吹的是 universal t80,shape-aware target layer 比 deep-threshold timing layer 成熟,"t50 covered 0.272|t60 covered 0.126|t70 covered 0.082|t80 covered 0.056|shape-aware target layer 更成熟",outputs/104_release_threshold_target_summary/threshold_target_scorecard.csv,outputs/106_release_target_registry/registry_summary.csv,这是防夸张的关键页
8,外部对象怎么处理 打借防,竞品分析要变成行动框架,"fight NC / Bannigan 和 direct predictors|borrow liposome workflow 和 Scientific Data|defend against FormulationLAI FormulationAI active-learning",docs/drug_release_battlecard_zh_2026-05-29.csv,docs/drug_release_battlecard_zh_2026-05-29.md,让外部分析变成资源分配规则
9,现在最值钱的下一步不是再多一个 PLGA cell,资源要砸在改变项目层级的动作上,"route-consistent uncertainty-aware duration/shape|completed chitosan reveal|further cross-mechanism evidence beyond liposome|最关键是第一个",docs/route_consistent_uq_duration_shape_gap_2026-05-29.md,outputs/89_release_uq_timescale_gap_snapshot/summary.txt,这一页是资源投向页
10,最后一句我们到底在占什么位置,当前最值得占的位置是 shared release-intelligence stack,"不要缩回更强 PLGA predictor|不要提前吹 universal solved model|占据 shared release-intelligence stack|下一步接到 decision-support 层",,,让听众带着正确的问题离场
