formulation_id,n_points,r2,log_kw,log_kh,log_alpha,log_kd,log_ke,m_crit,q_burst,Q_max,la_ga
1,32,0.9892096675799144,1.9999999999999998,-3.999850356506552,0.04738874764600595,-2.548332138338488,0.04030057806121352,0.05044191808161272,0.04850206115874566,0.5304461055307718,0.0
2,21,0.9472263415780221,1.999999999999988,-3.9999998904237004,-0.44322534118195844,-3.209688462166248,0.6331118441704584,0.05000285207438778,0.14419292936673442,0.882074568998775,1.0
3,11,0.9839276287062014,1.9999999999999998,-0.9306033564731748,1.9999999999999991,0.38427504821573133,1.9999884561902566,0.21526809562950275,0.04403304128071846,0.9846223789937714,1.0
4,22,0.9898991599085704,1.9999999999999998,-2.887600829170099,1.9999999999876013,-0.9470964389758719,1.9990314053336573,0.14668493403032754,0.07956382370173445,0.9940777626252648,1.0
5,20,0.9976453463138402,-1.138358894270314,-3.999999998748235,-1.9999999999999998,-3.9643166991235543,1.999999999991994,0.08199707879940538,0.02264998594355295,0.9999999998934397,1.0
6,19,0.9957487089715752,1.9999999999999998,-3.3740925983589505,-0.38070702257391237,-4.69620759536702,-2.9999999999999996,0.05000000074505807,0.013093295824580383,0.8783199101242124,1.0
7,13,0.9901640462970281,1.9999999999999998,-3.2668305619823403,1.8350552790630965,-0.8997313891448215,1.6027314885134811,0.1650518150401319,0.07761358029694333,0.8656857114698728,0.0
8,14,0.9982807419171376,1.9999999999999998,-2.672168788818538,1.9999943363377672,-1.615557483091815,-1.3193358036768283,0.26465056906947537,0.04287729633069913,0.9999999999999999,0.0
9,19,0.9989456208710493,1.9999999840157376,-2.2580970373517246,-0.300858322301781,-2.3630161166050305,0.6910422184444321,0.29602605240874175,0.02848145309743932,0.9995321308326077,1.0
10,20,0.9988743947434766,1.9999999999999998,-3.131469374074094,1.9999708705012673,-2.7799552624566153,-0.10023310353504145,0.2408620804429177,0.028956291859685353,0.9999594948566946,1.0
11,14,0.9664293801101365,1.9999999999999998,-3.999999999869898,1.9395573960071337,-2.4403763654048385,1.9999986540204453,0.11118539468763541,0.11986064344500123,0.8402913694317473,1.0
12,19,0.9813579566870808,1.9999999999999998,-2.6238522916257323,-1.9999997269623762,-3.7334093392620664,-0.5147430184597946,0.050000000748384524,0.10326806426815727,0.8543518844256558,1.0
13,13,0.9261049818772691,1.9999999999999998,-3.9999999999998312,-0.8646180935450343,0.865959342832042,1.999999999999796,0.49999999999999994,0.12339241356550655,0.7852796746789447,2.33
14,13,0.9623589659654753,1.9999999999999998,-3.9978882985049222,1.9999999862279842,-1.4296075532834351,1.4911769601954485,0.07046911706069701,0.09052839587694998,0.9439509065560955,2.33
15,34,0.9713972619913543,1.9999999999999998,-3.806766341933307,1.9999973878331279,-2.1951195409301887,1.9550267470550093,0.10272338934122649,0.10119562333684021,0.9198831697174784,0.0
16,20,0.9505105502827857,1.9999999999999998,-3.7433739966889976,1.8074950959574805,-0.2727837361679369,-2.5050745191391854,0.1822099296621216,0.08221629713967737,0.5000000000000001,0.0
17,20,0.9599084469855831,1.9999999999999998,-3.2706942409797093,1.033404560199585,-1.484132821879289,0.44847667719118917,0.1385444224973498,0.1113351005868151,0.6252869477372758,0.0
18,21,0.9291887825975871,1.9999999999999998,-3.3444929897419047,1.9503463296799803,-0.35722479992735695,1.782020950513789,0.09661095819920168,0.12023171012620427,0.6237225155939798,0.0
19,12,0.9916698137814881,1.9999999999999998,-1.1738698800103111,1.9998914868239288,0.3467038859644193,-0.26637797042863376,0.24312999752916267,0.011717328295054624,0.9465030278396173,0.0
20,19,0.9954248277286448,1.9999999999999998,-3.9999999999999996,1.7974584091119559,-2.076060881803689,1.9997315582870847,0.1091737495199113,0.04647097592324735,0.9743282159244966,0.0
21,18,0.9940838503977344,1.9999999999999998,-3.999973865539819,1.7656047695644048,-1.813882779191668,1.8941343732534945,0.050000000813893934,0.028484073425062116,0.8944587140278253,0.0
22,31,0.9821069453212105,1.9999999999999998,-3.999984579823364,1.7598821496893173,-2.0596587423557073,1.9999979008022135,0.05683967592005935,0.10487682368423011,0.845618161640447,0.0
23,31,0.9927650546124278,1.9999999999999998,-3.746934279806566,1.2549902961425845,-2.561533185437945,1.5765874067116779,0.05000000098788639,0.05662887793180537,0.723736424041397,0.0
24,15,0.9963852951864918,1.9999999999543938,-3.772880751050484,1.4704828872557663,-2.1155038360268903,1.2720501360862393,0.17805339231817383,0.0320623224616868,0.616513127346467,0.0
25,16,0.9884383451370978,1.9999999999999991,-3.325425152613739,1.9850204099963356,-1.1037825106163268,1.523914926267966,0.15625512511260853,0.06112877591424021,0.9194328462997872,0.0
26,13,0.9981734464837766,1.6509571472804914,-3.171941499594876,-1.8002593750388942,0.16224673588399321,-1.0921747457795263,0.05860458502995544,4.765697779434856e-17,0.9596849507683571,0.0
27,22,0.985982663391145,1.9999999999999998,-3.9999999999999996,1.7792175361446962,-2.2206590213171187,1.995632857956059,0.06282887253260787,0.05080154815983135,0.699364147798834,0.0
28,21,0.979659825112592,1.9999999999999998,-3.9999999605215124,1.785429092118062,-2.574314495393496,1.9575756710853744,0.050000035429708524,0.06809491082235504,0.5058165573879841,0.0
29,24,0.9780334865372927,1.9999999999999998,-3.999985775543986,1.7022191553599473,-2.122473605005605,1.999999377300262,0.058254526602018304,0.08783255532533023,0.6095577879663014,0.0
30,15,0.9726855320422225,1.9999999999999998,-3.096718995861459,1.2516839957463295,-1.2668641715947433,1.036754550554764,0.17756401387241616,0.11094662429848491,0.8552416875530229,0.0
31,14,0.9897993384038337,1.9999999999999998,-3.495945623861139,1.9239615493750806,-1.063448989035142,1.5960737640234754,0.1641871607101404,0.07281887966288797,0.7752816058229715,0.0
32,14,0.9865502460600524,1.9999999999999998,-3.194443411324053,1.9999962257888324,-1.2658552599672996,0.9069038449286307,0.0504345232617888,0.07735963946077794,0.7866908025867174,0.0
33,16,0.9906903584407586,1.9999999999999998,-3.2041220854687067,1.999975305887109,-0.9385215340823869,1.8280079794714086,0.10328822776626272,0.050619326575082196,0.587171208957069,0.0
34,15,0.9994374673081019,-2.999999999999991,-0.9256760551210959,-1.9999999999981088,-2.7168376913133616,-1.9258361436078137,0.05000000074506167,0.01132468139809239,0.9976981522689893,1.0
35,17,0.9983216739848298,-2.9999999999999956,-2.540362106540977,-1.9999999999870137,-4.999999999999999,-1.2847897220300297,0.05000000074505807,0.011042700494733184,0.925320033792577,1.0
36,16,0.9650007119575041,1.9999999999999998,-3.9999998387107705,0.7750233174574541,-3.0151506013573663,1.9999157047022118,0.1285743907561447,0.08665619955459135,0.9235138662117293,1.0
37,15,0.9852879754499809,1.9999999999999998,-3.99999960312361,1.3473794872527944,-2.9082964986004156,1.9972112941965428,0.05002146740941979,0.06635988321724338,0.7801680762907409,1.0
38,21,0.9176967311269603,1.9999999999999998,-3.4659349523978666,1.1735671109245656,-1.5953693911417521,0.9602568617456543,0.15310053748617458,0.1093683645277625,0.7967654751066316,1.86
39,22,0.9595454969167972,1.9999999999999998,-3.9961870124524403,1.9940673933774695,-1.9418459447520764,1.7602693781307939,0.1424281553730425,0.06489771903944819,0.6516845563614765,1.86
40,21,0.9850410791419544,1.999999761893064,-3.9994051381128672,1.9989794525531062,-1.8782567925355038,1.9560436761297417,0.13081169511305762,0.005610448635154857,0.5083958806299229,1.86
41,21,0.881405681317435,1.9999999999932379,-3.999999994902909,-1.9813039678197764,-2.641623711414169,-2.9996681441678983,0.05000000164612013,0.04400031654108351,0.5000000000000001,1.86
42,14,0.9791287891514615,1.8202209096732829,-3.1185973635112476,1.8026862961458778,-0.9013488336780177,1.3717272088781092,0.14912932391673556,3.1020564205102653e-11,0.9409830872608312,1.0
43,17,0.9982681852823286,1.3716421138228272,-3.069825757634793,1.999992457985159,-2.537456720015188,-0.13233434931332855,0.2888580936046136,8.195360544714164e-21,0.98810478624448,1.0
44,16,0.9991632037770689,1.9998232012981547,-3.108331086632341,1.999983356177789,-2.93121739102519,-1.2302406386123872,0.3321449451520331,0.008769037076363903,0.9888242518569478,1.0
45,16,0.9818350626296222,1.9999999921679943,-3.2425930239949343,-0.5672284619223683,-2.3682131232753996,1.015460365115308,0.20640286095513027,0.03854492209322318,0.5374008796444266,0.0
46,14,0.9445968774003513,1.9999999999999998,-3.9645035227476715,1.9999999999999998,-2.152681044923497,1.6175660285105429,0.05003333201968826,0.08002784904130707,0.6649733188658474,3.0
47,15,0.930548910154521,1.9999999999999998,-3.9999619241566644,1.969093784005271,-2.241577706934625,1.9276012703757115,0.05000485069960906,0.09664299620347663,0.5893126804710084,1.0
48,12,0.9373311649889771,1.9999999999999998,-3.992485143782378,1.9999999998843565,-1.7727261297550314,1.7511466679700043,0.05253085167964971,0.09031660184401893,0.637878576647489,3.0
49,14,0.9610256004411306,1.9999999999999998,-3.9991386784911893,1.7844708576235766,-2.0952792429891653,1.810191916905071,0.08607460430397389,0.051503961092906676,0.5116383829126011,3.0
50,13,0.9440951909417978,1.9999999999999998,-3.962695447930664,1.9977597374180445,-2.5896825041165004,1.6386107968170969,0.09002433833728916,0.11513420431634731,0.6536420786256095,1.0
51,14,0.9302690201488328,1.9999999999999998,-3.9999999999961564,1.8995606238780474,-2.2070631124920967,1.9999999999999756,0.05000168062707363,0.08704012624750862,0.5000000000000001,1.0
52,17,0.9908545653581032,1.9999999999999998,-3.9999902461179664,1.1058707211963799,-2.135756214275801,1.237378597243076,0.0590901578071083,0.056266396562285645,0.8690055070580329,1.0
53,17,0.9952183918099404,1.9870165853705295,-3.4785897394418646,-1.2320188492481956,-2.1545799592102703,-0.7085217730500826,0.17296431395089773,0.0147894204078029,0.8929189873851469,1.0
54,15,0.985965592994477,1.9999999999999998,-3.9999999999995084,1.8034654674362345,-1.9650080292760947,1.2652451495366848,0.050000000813720476,0.10775013434602415,0.9371098872116732,1.0
55,16,0.988288002784383,1.9999999999999998,-3.3989923086328218,-1.6735645029292239,-1.728899855702097,-1.279764699914491,0.2021726560368069,0.053396522378683836,0.8487793062009611,1.0
56,16,0.963898397786347,1.9999999999999998,-0.5568398747141933,1.9999999866438873,0.35318849692797283,1.999279330067724,0.11437633957777127,0.1226296126376672,0.8472397519872721,1.0
57,16,0.995674524674389,1.259992905176904,-3.9999101627510054,1.39216354843886,-1.494420101122132,1.0266648593823766,0.07240204499572714,1.0301403180738721e-33,0.9261206379759055,1.0
58,16,0.947877070363632,1.9999999999999998,-2.8357679161658527,0.17992424678791422,-0.9127352490383105,0.3032310803552734,0.12230235658519308,0.17978037337820763,0.9153108850947302,1.0
59,15,0.9038269178103074,1.9999999999999998,-2.6287833646560683,0.15841774090999877,0.10626827427839834,-0.30991235596517047,0.08980507475246421,0.09265907758126754,0.8259233644106668,1.0
60,15,0.9993708667026243,1.9999999999999998,-2.159466997765208,-1.999900799968282,-3.988466604282393,-2.333333975428744,0.1331691627280704,0.013114825978130327,0.8850984892242381,1.0
61,13,0.9998861556614632,1.3629265976917968,-2.166740122144026,-1.9929046157862218,-4.757161339382428,-1.5259530170181506,0.05008275543673157,0.0033065005613356533,0.9965305256914061,1.0
62,12,0.9991538039233016,0.5780783245758907,-2.749640601538631,0.28750501036829,-4.062788010369101,-1.6938695258959202,0.29341042862336936,0.01255728051324806,0.8410363380536019,1.0
63,13,0.9994356698139618,0.6766085269340485,-2.277013732000074,-0.868923335507698,-4.044072438671531,-2.1367434343937335,0.19268631455866925,0.009239892837563208,0.8048148239658185,1.0
64,13,0.999723487311612,-2.9999999769061825,-2.199992340111394,-1.999999999978057,-3.250927733682915,-2.088241777748049,0.49999999999990186,0.012432907071160274,0.919749754112755,1.0
65,12,0.9968372773976445,1.999999999999995,-1.8418381060195959,-1.9999999999999998,-4.315325066394739,-2.144749342122388,0.050000000745063236,0.007922488737583961,0.9999999999999999,1.0
66,13,0.9990006678995678,0.8747740789052232,-2.171769333627642,0.01044846267932819,-3.660779074009077,-2.0652259263976758,0.2520968906684933,0.019089123339957756,0.8508021167781455,1.0
67,15,0.9996443108541039,0.8522751900469381,-2.682588011087417,0.08624887515074749,-3.3396426780629045,-1.7094954341926436,0.2668828333908527,0.008844451472239077,0.7741359564500697,1.0
68,15,0.9924806822811455,1.9999999999999027,-3.3743217659703784,-1.449647844245743,-3.9148477287795025,-2.9999277197995577,0.05001041178301644,0.02854101817564196,0.7711985483799508,1.0
69,14,0.9697519361152748,1.9999999999999998,-3.999999999784555,1.2384129518800087,-3.303849399738773,1.936267547270991,0.05000000074521001,0.09789539847892313,0.7174283849683256,1.0
70,16,0.9850244024972986,1.9999999999999998,-3.7165171236924546,-1.485546680461749,-2.952040352358538,1.9991785642140627,0.14516854870038484,0.07818416500180725,0.7953561468234792,1.0
71,15,0.9861800773883849,1.9999999999999998,-3.999999865332197,0.8762101821614688,-2.7442333724720145,1.6740843594153982,0.0500003094797544,0.06901854943918846,0.8579266930576096,1.0
72,10,0.9326631675386918,1.9999999999999998,-1.8993511315590297,1.9999828002113313,-0.41223561786659224,1.9999998298168398,0.26968186071535016,0.1260324855842099,0.66751756839227,1.0
73,11,0.8935012934386184,1.9999999999999998,-1.7497873682528402,1.6921064729194413,-0.22539255015589882,1.9865422973804057,0.25886881579582416,0.15949656185736036,0.6893525009084956,1.0
74,11,0.9882915400263541,1.9999999999999998,-1.3079521758975725,-1.9999999999999485,-0.8760514702365418,1.9999999999999998,0.4449519706790863,0.06072603487758427,0.7498189217542102,1.0
75,12,0.9617657446947067,1.9999999999999998,-2.052699158177228,1.9999927379654645,-0.39918677962451055,1.999999993054749,0.3598283675979339,0.08397476078513151,0.8044405950669452,1.0
76,10,0.8009565980619777,1.9999999999999998,-1.9990135146424102,1.9999999999999998,-0.8243998891658914,1.863288763390267,0.09526111291787748,0.1248569347868919,0.5000000000000001,1.0
77,11,0.9282965588629482,1.9999999999999998,-2.08741358344738,1.9999999999209985,-0.5328627080865497,1.9999999999999998,0.39856597725448234,0.16627184652520766,0.8749195922042762,1.0
78,10,0.6783047266828011,1.9999999999999998,-3.973248740863356,-1.8406043850757365,-2.128635404851754,-2.6068860479776075,0.05231622783597023,0.07838706259512833,0.5000000000000001,1.0
79,12,0.8994002814342451,1.9999999999999998,-1.7001213358163214,1.9995143664732433,-1.2983340971846968,-2.397375746591791,0.3095775592012614,0.05463098561912574,0.5000000000000001,1.0
80,22,0.993659637892906,1.9999999999999998,-3.323900438769607,1.8107962167534315,-0.772492136414079,1.2358380396917699,0.16793058983873269,0.03596227789746703,0.9213330756961314,1.0
81,23,0.8814397133431484,1.9999999736947973,-3.41560753474358,1.4246340502712074,-1.660128372262524,1.1850728334472265,0.18334304930015752,0.2919815483265082,0.9385519376860525,1.0
82,17,0.9878814678276518,1.9999999999999998,-3.9689845351275914,1.9999999286608132,-2.129199510194433,1.9969927578965188,0.16996964533148465,0.08205751982591573,0.9741774550832044,1.0
83,27,0.9679400406258352,1.9999999984936319,-3.838613392889777,1.9603905029725126,-1.8646682945299402,1.543152882528332,0.17150120237459218,0.1164999521194218,0.9352841739483851,1.0
84,28,0.9818010157839873,1.9999999999999998,-3.904767935593541,1.9999906015323756,-2.1505157967813666,1.999998496547073,0.16482850788720743,0.08799711459776932,0.9619374630526493,1.0
85,25,0.9736350791018121,1.9979377936541234,-2.6979497802730306,-0.2154263033109041,-1.2293553409944404,-0.7163368413347898,0.23719924061902486,0.09154439060662835,0.8925024976124686,1.0
86,20,0.9996163842288646,1.0848857131702503,-1.6568616468362607,-1.809213145854041,-2.9139240299558455,-1.6316046532969217,0.05031377622140253,0.002401645565727642,0.9999999998744005,1.0
87,20,0.9996570724069698,-1.9673737846032393,-1.5235493581274266,-1.999999999964185,-1.9473066970762014,-1.746445777779023,0.05000000074574477,0.015212514527937057,0.997751946620623,1.0
88,20,0.9995744655473532,-1.225228973112579,-3.978076471055628,0.6107673946380371,-2.3246922611554734,1.9999999999999998,0.49999999999999994,0.012492719323919198,0.9794130554714426,1.0
89,20,0.9984167565805054,1.999999970363789,-1.522990420565098,-0.8644289809507604,-2.092527127619493,-1.3471008752384142,0.07602345292558632,0.04491107081200923,0.9999999830017953,1.0
90,18,0.8963177826382244,1.9999999999999998,-3.9997506669427154,0.7295338443338423,-2.6583808842690306,0.8443030358615813,0.05063845765232061,0.1346490360319821,0.5351108700880106,0.0
91,12,0.9978305537312104,1.9999999999999998,-1.4034537792213384,-1.8979238090659467,-1.6236132977474749,-0.35912184980788997,0.05007601152041322,0.043165963703948255,0.9999999999999988,0.0
92,13,0.9957488772096055,1.9999532257548822,-1.774351050714344,0.42039519031739075,-1.6432967351361794,-1.5552019482004202,0.15134487142407932,0.050900280937280315,0.989645093677046,0.0
93,12,0.9974544303626193,1.9999999999999998,-2.7109982027035695,1.999843980794424,-1.6466456191688883,-1.7283843939155406,0.32180306748788645,0.04924637608073021,0.9940797551584453,0.0
94,14,0.9980343452509979,1.9992796144458225,-2.7457645205040015,-0.74777399415906,-1.4165909915280401,-0.20002322022109553,0.20993038181506082,0.04456715443892717,0.9715528628841701,0.0
95,15,0.9974143483800526,1.9999999999999998,-3.415273291662543,1.9999999938841753,-1.2220474887956967,1.9309500889189362,0.11048507516021476,0.033117016054145076,0.9555525957283075,0.0
96,27,0.9806240103879885,1.9999999999528832,-3.9999999999993814,-1.9999999999999798,-3.251637556991285,-2.999999999999271,0.05000000074512894,0.028585035192017008,0.5000000000000001,3.0
97,24,0.9734487266686491,1.9999999990717006,-3.999999999997489,-1.9999999999975964,-3.6720001318652375,-2.999999999998561,0.050000000745332264,0.03402061244935786,0.5000000000000001,3.0
98,25,0.8818132606740046,1.9999999999998481,-3.999999999999996,-1.9999999999999962,-4.185581184393784,-2.9999999999999982,0.050000000745058455,0.0422620889591353,0.5000000000000001,3.0
99,23,0.926520512127125,1.9999999999176277,-3.9999999999735083,-1.9999999999752742,-3.957343437726121,-2.999999999989081,0.05000000074771974,0.03899140848871973,0.5000000000000001,3.0
100,26,0.5717798401733392,1.9999999999999998,-3.9999999999999996,-1.9999999999999998,-4.381925430806434,-2.9999999999999996,0.05000000074505807,0.12359505743026088,0.5000000000000002,3.0
101,23,0.26252571860152973,1.9999999777382786,-3.9999999999999996,-1.9999999999999998,-4.999999999999999,-2.9999999999999996,0.05000000074505807,0.06740769644807826,0.5000000000000001,3.0
102,12,0.9807673934621682,1.9999999999999998,-2.958441330070357,1.9997713003059978,-0.8776709570004589,1.993151312983864,0.13315635464514655,0.05688212457583038,0.9315831923563669,1.0
103,11,0.9986437260960894,1.9999999999999998,-1.7425678922072332,1.4882501858634825,-1.3560222735377037,0.6734736996259144,0.05000037457444627,0.025328754693001203,0.9999999999999999,1.0
104,10,0.9618732047221832,1.9999973205234585,-2.296125890124578,0.771762334062686,-0.8664514641704102,1.1751432836819928,0.22406677613177559,0.051790814534260265,0.9050172932747366,1.0
105,11,0.9953031319874186,1.9999999999999998,-2.601670665326784,1.9999999999732967,-0.27724848474246444,1.980568617269467,0.14390625015145378,0.023955190449803328,0.9805996898547464,1.0
106,11,0.9931424038067819,1.9999999999999998,-3.797982817123244,1.9999963230205011,-3.590687404388063,-1.841369745271733,0.27779158042069857,0.03970887306598958,0.9574923705140955,3.0
107,11,0.9855297643228097,1.9999999935049553,-3.0595617285470915,-0.555149277461435,-2.8675570404272945,0.2373343552207105,0.1931290022404398,0.051373806914488694,0.9588900092660453,3.0
108,11,0.9605856009623993,1.9999999999999996,-3.450728915450715,0.8781054643056423,-2.5868909133862936,1.3545360080847764,0.097669944264825,0.08771532526992572,0.9620931791151754,3.0
109,28,0.9981943951988933,-1.090852518795071,-2.220152226944251,-0.15231580843507006,-3.886717963285948,0.35060576732302035,0.24621960595762357,0.005985765949415019,0.8901342917442386,1.0
110,32,0.9994184457968139,1.3029094463674897,-1.9049988133642137,-0.7453521830110661,-4.720533550018107,-0.7392497952855344,0.07129613711360965,0.007623076576479295,0.9999999999999992,1.0
111,30,0.9974500647654522,-2.99999999998216,-2.1063516856703264,-1.999999999999999,-2.447169992675912,-1.643077516549984,0.49999999999999994,0.00399613503866156,0.9999999999999997,1.0
112,34,0.9970402332131522,-2.9999999999914864,-1.0779251330830963,-1.9999999999999922,-2.8600291814389607,-1.0894752255631612,0.05000000074505807,5.3252293727243425e-42,0.9999999999999999,1.0
113,35,0.9963263404968566,1.9999999999999998,-3.397444364239649,1.6770153315035203,-2.913829948615086,1.075085617096802,0.050124512329078656,0.0454501337297826,0.997943237467773,1.0
114,43,0.813498677828502,1.9999999999999998,-3.9983631435032625,1.9999999999917457,-2.9185825186776246,1.9999999984458843,0.117853511817901,0.3000000119209289,0.9464776461088639,1.0
115,17,0.9843038150629471,1.9999999999999998,-3.9999999998407993,1.8885544507940981,-3.177492196485073,-1.2269897303068529,0.2008825349167274,0.12189339739902451,0.990999228984446,1.0
116,15,0.9822289583545096,1.9999999999999998,-3.5628848235148496,-1.1644914989937314,-4.151880929412466,1.9374126615972453,0.0500000008388495,0.11150684064358106,0.9712479915601455,1.0
117,16,0.9823182110297577,1.9999999999999998,-3.9999999895406524,1.1654395322082078,-4.114233598996394,-0.15482518162023554,0.050000000745088966,0.12324390796721058,0.9999045682446756,1.0
118,15,0.9939633281273843,1.9999999999999998,-3.4915184789488407,0.5397740736124622,-4.508530945519929,-1.2865356005055972,0.0500000118322602,0.059108123182521316,0.9736657606533569,1.0
119,14,0.9964764031697256,1.9999999995982858,-3.057514140135612,-1.999999991131038,-4.664254795263852,-0.6080435363802804,0.05000000347010094,0.03487314753765185,0.9999999999999936,1.0
120,30,0.9974475640972732,1.999999997903805,-3.999999999740146,1.5819180149935608,-3.9705197855831096,1.9999995998843072,0.06355180412522439,0.06523913352358558,0.9899702454722772,1.0
121,31,0.9970385277476034,1.9999999999999998,-3.9999999999768128,1.6417293616661326,-3.6733646235493453,1.9999999999999998,0.05000000074506967,0.04441563648001041,0.9976045036848662,1.0
122,30,0.9957017146886504,1.9999999999999998,-3.9999998105912837,1.7218862825784502,-3.1150546488978965,1.2039155972416031,0.062479825622861154,0.05203018580986834,0.9887347237974967,1.0
123,30,0.9731957585431961,1.9999999999999998,-3.9999999999999996,1.6968073480980947,-1.879821840690126,1.9691698594433493,0.051333525755595986,0.12830637821196175,0.9724832528651364,1.0
124,30,0.9972368779602582,1.9999999999997717,-3.9999999999999996,1.6279908833188061,-3.8915458026258625,1.9170867901388393,0.050000000769932565,0.039769916620965066,0.9884297980190517,1.0
125,29,0.992945472612082,1.9999999999999998,-3.999997258029545,1.8252423079006468,-3.078842699353913,0.37229802146619156,0.0898758333510744,0.06740737880069214,0.98938874873759,1.0
126,30,0.9742992564827757,1.9999999999999998,-3.9469881654623626,1.6386104506742265,-1.613805720523802,0.8789590987738412,0.10737964541923851,0.061242144615473205,0.9504965870516223,1.0
127,10,0.9842021002476458,1.9999999999999998,-2.9026632799512737,1.8142818507571992,-0.35253231356485043,1.5815961491341672,0.15116585559001006,0.05750987289279976,0.9775736070697375,1.0
128,10,0.9962715646135838,1.9999999999999998,-2.2721213418412565,1.9999909082398553,-1.0154578016754179,-1.036266835224073,0.2695160986020521,0.03697603667874278,0.992140026760142,1.0
129,8,0.9991982119806065,1.9999999999999998,-1.4654371821530892,0.9038760789783749,-1.2336599112167945,1.4108795322055967,0.17272980556037004,0.021528446250608922,0.9966113986175497,1.0
130,10,0.9985201812234878,1.9903251344152613,-1.701553890626352,0.8875822358268755,-1.1258255468318292,-0.07683042913930792,0.24261038309172794,0.026465974022752557,0.9894709610405867,1.0
131,15,0.9872367531818024,1.9999999999999998,-3.9997833154235347,1.5238615323334728,-2.1096954914348505,1.9997949609887682,0.0504750804414211,0.0955562919049918,0.9767238066060219,1.0
132,16,0.9960124319548478,1.9999999999999998,-3.9999999997959255,1.3559285451756866,-2.120559474086794,1.4513317536625365,0.0655203518310644,0.02904610525900919,0.9781676915236674,1.0
133,15,0.9978823757806332,1.9999999999999998,-2.375430303959899,-1.9817300122311932,-2.3359649775908244,-1.952004772081887,0.05000342119880924,0.03488196765396299,0.9999999999999177,1.0
134,16,0.9972547052727148,1.9999999999999998,-3.973794522039823,1.5320680165689926,-2.2968691879552203,1.5895132503788743,0.05053646418794423,0.026643958805803728,0.988213300711287,1.0
135,44,0.9757268349437835,1.9999999999987308,-3.9999999999999996,-1.9956299342032642,-3.335150757743492,-0.9674660347586873,0.05000000074505807,0.12173471615520949,0.8343551861291383,0.0
136,45,0.9885734882110452,1.9999999999999998,-3.9999999555065098,-1.9967727423984423,-3.3068934375774535,-0.9687845885481084,0.050000345919922064,0.1019020762460794,0.9038973853705915,0.0
137,45,0.969617593605991,1.9999997317194347,-3.9999999999914184,-1.9973674606022485,-3.354102941385837,-0.9236158597627384,0.05000000074900095,0.09287432966888437,0.6763255742697283,0.0
138,64,0.9718177258009763,1.9999999999999998,-3.9999999999999996,-1.9999999999999998,-3.7935009344917248,-2.9999999999999996,0.05000000074505807,0.08599495517786065,0.7453409517899021,0.0
139,64,0.9937908400538826,1.9999999999613227,-3.999999999998127,-1.9999999999999978,-3.7995559896215396,-2.999999999999999,0.05000000074505807,0.0688780849582643,0.8197475366287778,0.0
140,64,0.992353170795716,1.9999999999128215,-3.9999999999998046,-1.9999999914037148,-3.6886448867435746,-2.809042399936123,0.05000000074505807,0.07575965626768544,0.8416661241993197,0.0
141,64,0.990105503694574,1.9999999999999714,-3.9999999999999987,-1.9999999999999998,-3.8432983514339485,-2.9999999999999996,0.05000000074505807,0.06354794947598107,0.8059801397878857,0.0
142,64,0.9905942132984665,1.9999999999999998,-3.9999999999999996,-1.9999999999999998,-3.880756385866803,-2.9999999999999996,0.05000000074505807,0.061184813721553696,0.8232147502969585,0.0
143,63,0.99060056525434,1.9999999999978064,-3.9999999999999942,-1.9999999999999991,-3.9951350420114835,-2.9999999999999996,0.05000000074505807,0.06829957142327467,0.7069141374509985,0.0
144,24,0.9976804800126327,1.9999999999999998,-3.3737948857974875,1.9999999615271669,-1.758946678667681,-0.15664453871087167,0.10549246674318802,0.01048580973528964,0.8275818425561636,0.0
145,24,0.9958161146307013,1.9999999999999998,-3.6752188802366392,1.9999980022013275,-1.7400323708061205,1.999324632112398,0.1361907625495442,0.02688800198668603,0.9478385392967887,0.0
146,33,0.9932221596201356,1.9999999999999998,-3.999999994046634,-0.2846569425934824,-3.1809867767291427,0.8482775875287027,0.050001665973159304,0.07907227742977287,0.8563948398211491,0.0
147,33,0.9843465536919576,1.9999999999999998,-3.999998534482056,0.29597459935775877,-2.946993124625509,0.6474277169786878,0.05003517440955357,0.09582513109383903,0.8496600958902679,0.0
148,38,0.9880646310415688,1.9999999999999998,-3.9999962995677434,-0.23724781124776181,-3.162957173245261,0.36356009950127743,0.050004780439821005,0.09885466819017387,0.8806609368742134,0.0
149,34,0.9959774239445471,1.9999999999999998,-3.854876036957797,-1.9920585429648177,-3.2454852925635858,0.9874910086859451,0.050019281685188564,0.06303847621826662,0.8827974983618202,0.0
150,32,0.9949618232994567,1.9999999999999998,-3.6171968286002274,-0.3562644999257749,-3.0918289995335497,-0.23706956676205918,0.05001478687444912,0.05843018232328615,0.786645608011147,0.0
151,37,0.9940623152851619,1.9999999999999998,-3.9999486069125454,-0.1617208349229152,-3.232646134592997,0.35634026146503656,0.05003263509418877,0.0727755572759368,0.8444716513722075,0.0
152,31,0.9966193640725577,1.9999999999999998,-3.3633977088490505,-0.44799623743759115,-2.9633016068247247,-0.9502594682456101,0.05000025462775975,0.059324465197646364,0.9171805501651208,0.0
153,34,0.9984352232303744,1.999999999776801,-3.999979934942747,-1.9944168811314495,-3.266568388531844,1.7553668130121032,0.06844186084770837,0.025492839958156804,0.8154671433166513,0.0
154,36,0.9976892000198563,1.9999999999999998,-3.6255739305950123,-0.7189538564690862,-3.179262129419263,-1.3051009133786393,0.05000000090510827,0.034643478235206054,0.8603156242989635,0.0
155,31,0.9983494968847545,1.9999999997182716,-3.4399389764319395,-1.9999999951085845,-3.058092179774537,0.16192714485074838,0.05000006681427578,0.01586500360513947,0.7876341229618002,0.0
156,33,0.998301288696982,1.9999999999999998,-3.9999960926024647,0.4690969492030294,-2.9628746038430673,1.3579089012255208,0.05000000074660589,0.021791779381973984,0.8778623765125757,0.0
157,33,0.9986535571283244,1.9999999999999998,-3.024086231062767,-1.9999018826930801,-3.097193209349762,-1.5119191523022866,0.05000000082605278,0.01624042549383174,0.851520416629868,0.0
158,59,0.9934355677026517,-2.9999999999999996,-3.69774252096428,1.2565968883113667,-4.999999999999999,-2.633264707122021,0.05000000074505807,0.012546482774682365,0.9063485539039109,0.0
159,59,0.9806713287245933,-2.9999999999999996,-3.9999998732983872,1.4627117024016256,-4.999999999999999,-2.730008164528981,0.14617138507694027,7.525773321615901e-41,0.9590883234994496,0.0
160,55,0.9952016560418837,-2.965787799660504,-2.629762282237881,-1.9999999999999998,-4.9999999999999964,-2.2805682807651473,0.05000000074505807,0.003152362377794138,0.9999999999999987,3.0
161,55,0.9968200456531441,-2.9999999999999996,-3.859959524390509,0.971510309282307,-4.999999999999999,-1.8726948987564254,0.41491739564325336,1.7160619193676453e-47,0.830995887137589,3.0
162,46,0.9975440773461062,-1.9436450807943135,-2.1717817819009237,-1.9999999999999998,-4.999999999998985,-2.676376521372533,0.05000000074505807,0.020491737003342832,0.9999999999999865,3.0
163,46,0.9969234022133424,-2.999999999936257,-2.4926054890956317,-1.9999999999796727,-4.414146445040224,-0.8477613627719006,0.050000000752222336,0.004096887013128029,0.9751669692826828,3.0
164,52,0.9883556271095354,-2.9999999999999996,-3.9999999957503016,1.7446539630476814,-4.999999999999999,-2.1148576248860693,0.1807576398507883,8.060765578942147e-32,0.9105330474783088,0.0
165,52,0.9905396899399188,-2.9999999999999996,-3.9999999998848303,1.653164260272271,-4.999999999999999,-1.6994628671945817,0.1725438814111189,3.0483362021048663e-44,0.9032379878521588,0.0
166,38,0.992778793395122,-2.9999999999999996,-3.391792874297777,1.9999999999999998,-4.999999999999999,0.359362170881881,0.05000000074505807,4.035540486870715e-52,0.7722018660256236,3.0
167,38,0.9870354870478381,-2.9999999999999996,-3.82825774415706,1.9999999141006182,-4.999999999999999,-1.859055204154924,0.31034667286732665,0.004495282910975457,0.8789773622871832,3.0
168,36,0.9977842832081711,-2.9999999999999116,-2.060817574966559,0.9385449690570907,-4.999999999999999,-1.028948563688088,0.05000000074505807,0.012548770236768167,0.7368529400301029,3.0
169,36,0.9912577795966077,-1.274419256640282,-2.1589990447007446,-1.9713747501219674,-4.991395728470372,-1.5539378718450683,0.05022498476022508,0.0015550237340441198,0.9999998960370441,3.0
170,24,0.9960265935618873,1.9999999999999998,-2.6225807562592722,1.0334833706569329,-1.1663428997651537,0.8095461881060071,0.050182011262163886,0.0467246687839813,0.8295550629027616,0.0
171,24,0.9941592274356666,1.9274189855119277,-1.6271400603250972,-1.9748970668447268,-1.7326779138000947,-2.999970860104705,0.41333072657265246,0.0446291216996419,0.8172576764975673,0.0
172,24,0.9952110056497439,1.6699846812840418,-1.4626533328228712,0.23990025868475776,-1.8142969486917457,-1.8216113959993336,0.306890005283647,0.06823135643283618,0.937575241228433,0.0
173,24,0.9909226591151208,0.4697856280410497,-3.1604494250512154,1.7425994091447359,-1.570999436526297,0.09384750473271425,0.05000081198476375,0.09925228367630014,0.9999999999999994,0.0
174,16,0.9895018867637642,1.9999999999999998,-2.416662946115291,1.3861322173707271,-0.07118401812231522,1.010845752068944,0.17572432232245053,0.060436501270598623,0.6219028253914672,0.0
175,18,0.9931194047967564,1.9999999999999998,-2.4937284299163167,1.9986613638838682,-1.4507855801960972,-0.6680280791770579,0.30610251520152987,0.06981848663211092,0.7087970593283848,0.0
176,16,0.9913291069389742,-0.9996151171023938,-2.354568952092786,1.4405627686889362,0.10642893367412648,0.9303635196948982,0.17722850798924317,0.08200468612426563,0.8400326919601699,0.0
177,18,0.9922983082712736,0.6478880716872356,-2.365953075167959,0.6190805461225989,-0.429707829183285,0.5923179149498686,0.19804202327005493,0.023823048912835234,0.5996650046433754,0.0
178,34,0.9985171678368108,1.9993395712753412,-1.7840797857895236,-0.968156055178504,-2.8446059145962943,-2.9995587810154487,0.27861774211307905,0.04480541690232009,0.9885091857162012,0.0
179,35,0.9964907463401571,-0.08241301773641603,-3.9999999999999973,1.606704684889007,-2.8051040213424154,-0.5518566504439286,0.05000028568843813,0.06918413867265914,0.964719174764217,0.0
180,35,0.9959680966381327,1.9999999999999998,-3.9999999999999485,1.9999993638176448,-2.141448785064998,1.9999999989760127,0.05643657151546177,0.06670645718876868,0.7398090658607461,0.0
181,34,0.9977928126225442,1.9999999999999998,-1.8846637734255849,-1.9999999999999998,-2.726367790505655,-1.6398300192566833,0.05000000074505807,0.050639729542912,0.9999999999999999,0.0
