replicate,log_kw_true,log_kw_median,log_kw_lo95,log_kw_hi95,log_kw_inside95,log_kh_true,log_kh_median,log_kh_lo95,log_kh_hi95,log_kh_inside95,log_alpha_true,log_alpha_median,log_alpha_lo95,log_alpha_hi95,log_alpha_inside95,log_kd_true,log_kd_median,log_kd_lo95,log_kd_hi95,log_kd_inside95,log_ke_true,log_ke_median,log_ke_lo95,log_ke_hi95,log_ke_inside95,m_crit_true,m_crit_median,m_crit_lo95,m_crit_hi95,m_crit_inside95,q_burst_true,q_burst_median,q_burst_lo95,q_burst_hi95,q_burst_inside95,Q_max_true,Q_max_median,Q_max_lo95,Q_max_hi95,Q_max_inside95,mean_normalized_distance
0,-0.7460920810699463,-0.5066708326339722,-2.346273899078369,1.6516673564910889,True,-3.5394201278686523,-3.087517499923706,-3.9070730209350586,-1.1624103784561157,True,1.5592622756958008,-0.22307103872299194,-1.8059684038162231,1.650173306465149,True,-3.0319643020629883,-3.1858205795288086,-4.456421852111816,-2.2678847312927246,True,-2.479374408721924,-2.0752673149108887,-2.9278135299682617,1.2927557229995728,True,0.2549031972885132,0.2527524530887604,0.07292898744344711,0.4617208242416382,True,0.0729769766330719,0.07167403399944305,0.06841482222080231,0.0750202164053917,True,0.9125795960426331,0.9130628108978271,0.9104827642440796,0.9158235192298889,True,0.09037455171346664
1,1.0052728652954102,1.042845368385315,-0.00792038906365633,1.8838964700698853,True,-2.882765054702759,-2.6234073638916016,-3.9129412174224854,-0.279535710811615,True,1.7606122493743896,-0.17238491773605347,-1.8426268100738525,1.7667760848999023,True,-0.7792854309082031,-0.7879221439361572,-0.9599106907844543,-0.4272288978099823,True,1.525254249572754,-1.6355206966400146,-2.9180562496185303,1.5457717180252075,True,0.08597671240568161,0.25402480363845825,0.06989140808582306,0.4615633487701416,True,0.2683486342430115,0.2680900990962982,0.2661755383014679,0.27011674642562866,True,0.7308657765388489,0.7305442094802856,0.7295458912849426,0.7315384149551392,True,0.19551783800125122
2,1.7288756370544434,1.0135014057159424,0.19323813915252686,1.856182336807251,True,-3.0398263931274414,-3.600253105163574,-3.979646921157837,-0.5499808192253113,True,-1.8597347736358643,-0.5118794441223145,-1.859047770500183,1.529007911682129,False,-2.3331236839294434,-2.287785530090332,-2.8687996864318848,-2.1840479373931885,True,-1.2955169677734375,-2.0223655700683594,-2.969301700592041,0.7828595042228699,True,0.09631219506263733,0.20351295173168182,0.06012655422091484,0.4311528503894806,True,0.10055825859308243,0.10056270658969879,0.09832804650068283,0.10279496759176254,True,0.827372133731842,0.8271238207817078,0.8255511522293091,0.8287440538406372,True,0.12647584080696106
3,-1.2880005836486816,-1.3914203643798828,-2.8313846588134766,1.2432771921157837,True,-3.1462507247924805,-2.288503646850586,-3.435096502304077,-0.4631517231464386,True,0.8988368511199951,0.05308303236961365,-1.783440113067627,1.8070377111434937,True,-2.6784515380859375,-2.8691492080688477,-4.469283580780029,-1.6206775903701782,True,1.5320920944213867,-1.3285939693450928,-2.3924877643585205,1.6478382349014282,True,0.2314746379852295,0.28001755475997925,0.07673947513103485,0.4783605933189392,True,0.01658034324645996,0.014750601723790169,0.011652858927845955,0.017851999029517174,True,0.5882679224014282,0.5879700183868408,0.5862501263618469,0.5897558927536011,True,0.14563092589378357
4,-2.905642032623291,-1.9529492855072021,-2.9342410564422607,0.3666501045227051,True,-1.8958745002746582,-2.4545836448669434,-3.432939052581787,-1.3326903581619263,True,0.8349668979644775,0.01640886627137661,-1.7235538959503174,1.7675676345825195,True,-4.915962219238281,-4.633007049560547,-4.986756801605225,-3.6163690090179443,True,-0.8422436714172363,0.528223991394043,-1.0242153406143188,1.906559705734253,True,0.3751085102558136,0.2694869935512543,0.07990138232707977,0.46931514143943787,True,0.24965398013591766,0.24966737627983093,0.246632382273674,0.2526632249355316,True,0.9937691688537598,0.9941968321800232,0.9910594820976257,0.997366189956665,True,0.13646531105041504
5,-1.1746923923492432,-0.5225340127944946,-1.898638129234314,1.5667595863342285,True,-3.370420217514038,-1.8900740146636963,-3.8774163722991943,-0.13347481191158295,True,1.544421911239624,0.01144525408744812,-1.7804605960845947,1.83034086227417,True,-0.8659114837646484,-1.30290949344635,-2.7776551246643066,-0.33602389693260193,True,-0.752591609954834,-1.429455041885376,-2.843733072280884,1.6019450426101685,True,0.4296802580356598,0.27408772706985474,0.07491952925920486,0.4731050729751587,True,0.23604831099510193,0.2352345585823059,0.23352597653865814,0.23692187666893005,True,0.7810100317001343,0.7808070182800293,0.7799340486526489,0.7817127704620361,True,0.18010596930980682
6,1.9857349395751953,-1.4512763023376465,-2.8477752208709717,1.172220230102539,False,-3.570826768875122,-2.1858386993408203,-3.31542706489563,-0.4379218518733978,False,1.9318463802337646,0.05145137012004852,-1.746570110321045,1.782918095588684,False,-3.434142589569092,-2.671280860900879,-4.384503364562988,-1.4064875841140747,True,0.6725244522094727,-1.232147455215454,-2.4206910133361816,1.6710116863250732,True,0.254146009683609,0.28282347321510315,0.08441407233476639,0.47354039549827576,True,0.06471601873636246,0.06283044815063477,0.060215093195438385,0.06542781740427017,True,0.8759722113609314,0.8760116696357727,0.8744381070137024,0.8776057958602905,True,0.26023972034454346
7,-2.9303081035614014,-1.268640398979187,-2.820390462875366,1.3581478595733643,False,-0.6086306571960449,-1.9401427507400513,-3.005312204360962,-0.444393128156662,True,1.0000927448272705,-0.03123077005147934,-1.7618117332458496,1.753476619720459,True,-3.4121429920196533,-3.518767833709717,-4.748449325561523,-2.002457618713379,True,-1.3678466081619263,-0.23609210550785065,-1.4483121633529663,1.717354416847229,True,0.4204450249671936,0.28922155499458313,0.0816485732793808,0.47764673829078674,True,0.18510553240776062,0.18413615226745605,0.1825365573167801,0.18569934368133545,True,0.8343838453292847,0.8341702818870544,0.8329723477363586,0.8353487253189087,True,0.18280377984046936
8,-2.0537214279174805,-1.1795437335968018,-2.714747190475464,1.1954197883605957,True,-0.15835833549499512,-1.4733643531799316,-3.5654120445251465,-0.11814862489700317,True,-0.37596607208251953,0.11977840214967728,-1.741013526916504,1.827662706375122,True,0.040621280670166016,-0.6709890365600586,-2.338228225708008,0.6208575367927551,True,-2.4262397289276123,-0.7727224826812744,-2.6234967708587646,1.7565369606018066,True,0.3772710859775543,0.28606635332107544,0.07916556298732758,0.47463369369506836,True,0.23798535764217377,0.2370581477880478,0.23530539870262146,0.2387164831161499,True,0.8120728731155396,0.8118826746940613,0.8109170794487,0.8128830194473267,True,0.1603720784187317
9,0.18777751922607422,-0.960892915725708,-2.706312417984009,1.4764167070388794,True,-1.6030216217041016,-1.450492024421692,-2.5727312564849854,-0.23536022007465363,True,-0.3896663188934326,0.07446913421154022,-1.765282392501831,1.7906275987625122,True,-4.308924674987793,-3.6882832050323486,-4.8398003578186035,-1.9257149696350098,True,0.043254852294921875,0.24591581523418427,-0.8722660541534424,1.7928823232650757,True,0.2532256841659546,0.29554638266563416,0.08815895020961761,0.47912320494651794,True,0.12270823866128922,0.12178856134414673,0.12014357000589371,0.12336347252130508,True,0.6354334354400635,0.6351163387298584,0.6338850855827332,0.6362979412078857,True,0.07820232212543488
