figure_or_section,role_in_story,primary_claim,primary_sources,keep_in_main,never_claim_from_here
Introduction,field framing,"Field default is still direct release regression or descriptor+early-point forecasting","drug_release_paper_positioning_playbook_2026-05-29.md","yes","Do not imply our empirical superiority from framing alone"
Figure_1_problem_object,method framing,"Contribution is a different problem formulation with feasible-state family and mechanism-specific decoders","ARCHITECTURE.md; release_posterior_family.py","yes","Do not claim solved cross-mechanism performance"
Figure_2_PLGA_core,audited core result,"Early release is dominant and mechanism route is active on audited PLGA tasks","outputs/45_input_source_ablation/input_source_summary.csv; outputs/46_direct_curve_rf_input_ablation/theta_vs_direct_summary.csv; outputs/59_middle_layer_gain_audit/aggregate_middle_layer_gain.csv","yes","Do not claim cross-mechanism generalization"
Figure_3_timing_shape_reality_check,honesty figure,"Curve fit, timing, and release shape are not the same target","outputs/82_release_capability_snapshot/plga_timescale_snapshot.csv; outputs/82_release_capability_snapshot/plga_shape_snapshot.csv","yes","Do not claim universal duration superiority"
Figure_4_liposome_bridge,cross_mechanism_bridge,"Shared interface survives a first non-PLGA retrospective bridge","outputs/80_liposome_group_by_api_our_et_refined/metrics_summary.csv; outputs/80_liposome_group_by_method_our_et_refined/metrics_summary.csv; outputs/82_release_capability_snapshot/liposome_shape_snapshot.csv","yes","Do not claim complete cross-mechanism validation"
Figure_5_uncertainty_and_prospective_discipline,UQ_and_evidence_discipline,"Project already has calibrated-family artifacts and prospective lock discipline","outputs/88_release_uncertainty_snapshot/calibrated_family_snapshot.csv; outputs/67_chitosan_prospective/lock_metadata.json; docs/PROSPECTIVE_REGISTRATION_chitosan_batch1_2026-05-28.md","yes","Do not claim uncertainty-aware duration solved or prospective success complete"
Supplementary_full_benchmark_tables,benchmark depth,"Extra splits and benchmark coverage live here","outputs/38d_baselines_groupkfold; outputs/62_fib_casp_benchmark; outputs/66_ensemble_casp","no","Do not move headline scientific claims here"
Supplementary_posterior_family_examples,object export support,"Shared posterior-family schema is executable and cross-mechanism-capable","outputs/84_release_posterior_family_examples; outputs/85_plga_cross321_group_by_drug_theta_rf_ztheta_leaf2; outputs/87_release_conformal_family_export","no","Do not let schema examples substitute for benchmark evidence"
Supplementary_uq_timescale_gap,limitation disclosure,"Uncertainty-aware duration/shape is still an open systems gap","outputs/89_release_uq_timescale_gap_snapshot/summary.txt; outputs/89_release_uq_timescale_gap_snapshot/gap_table.csv","no","Do not ignore this if broad UQ claims are made"
