figure,panel,role,primary_file,secondary_file_or_note,topline_metric_or_visual
Figure_1,A,field_default_schematic,docs/drug_release_paper_positioning_playbook_2026-05-29.md,"drawn conceptual panel","descriptors -> release baseline framing"
Figure_1,B,core_method_schematic,ARCHITECTURE.md,"drawn conceptual panel","formulation/material + sparse prefix -> feasible state family -> decoder"
Figure_1,C,object_level_unification,release_posterior_family.py,docs/release_posterior_family_schema_2026-05-29.md,"shared benchmark + posterior-family object"
Figure_2,A,input_source_ablation,outputs/45_input_source_ablation/input_source_summary.csv,outputs/82_release_capability_snapshot/plga_signal_snapshot.csv,"OOD best median R2 by input source"
Figure_2,B,theta_vs_direct,outputs/46_direct_curve_rf_input_ablation/theta_vs_direct_summary.csv,outputs/82_release_capability_snapshot/plga_theta_gain_snapshot.csv,"theta-minus-direct OOD gain"
Figure_2,C,middle_layer_gain,outputs/59_middle_layer_gain_audit/aggregate_middle_layer_gain.csv,"supplementary raw splits if needed","aggregate middle-layer gain"
Figure_3,A,PLGA_timescale_panel,outputs/82_release_capability_snapshot/plga_timescale_snapshot.csv,outputs/82_release_capability_snapshot/summary.txt,"wins/losses on future t10/t50/t80"
Figure_3,B,PLGA_shape_panel,outputs/82_release_capability_snapshot/plga_shape_snapshot.csv,outputs/82_release_capability_snapshot/summary.txt,"wins/losses on burst/post-window/residual-tail/tail-AUC"
Figure_3,C,representative_divergence,outputs/82_release_capability_snapshot/summary.txt,"hand-select one PLGA cell with curve-vs-duration divergence","mechanism can win curve fit while losing duration metrics"
Figure_4,A,liposome_group_by_API,outputs/80_liposome_group_by_api_our_et_refined/metrics_summary.csv,outputs/80_liposome_group_by_api_direct_et_q/metrics_summary.csv,"pooled and median R2 plus t10/t50/t80"
Figure_4,B,liposome_group_by_method,outputs/80_liposome_group_by_method_our_et_refined/metrics_summary.csv,outputs/80_liposome_group_by_method_direct_et_q/metrics_summary.csv,"pooled and median R2 plus t10/t50/t80"
Figure_4,C,liposome_shape_panel,outputs/82_release_capability_snapshot/liposome_shape_snapshot.csv,docs/liposome_bridge_verdict_2026-05-29.md,"shape descriptors across split families"
Figure_5,A,calibrated_family_panel,outputs/88_release_uncertainty_snapshot/calibrated_family_snapshot.csv,outputs/88_release_uncertainty_snapshot/summary.txt,"cov90 global mean and width90 global median"
Figure_5,B,raw_vs_conformal_examples,outputs/88_release_uncertainty_snapshot/summary.txt,"cross321/group_by_drug and liposome/group_by_drug representative examples","raw vs global/local conformal coverage-width shift"
Figure_5,C,chitosan_lock_timeline,outputs/67_chitosan_prospective/lock_metadata.json,docs/PROSPECTIVE_REGISTRATION_chitosan_batch1_2026-05-28.md,"locked prediction pending reveal"
Supplementary,S1,full_baseline_tables,outputs/38d_baselines_groupkfold/summary.txt,"plus corresponding CSVs in outputs/38d_baselines_groupkfold","baseline benchmark depth"
Supplementary,S2,raw_UQ_tables,outputs/62_fib_casp_benchmark/aggregate_table.csv,outputs/66_ensemble_casp/aggregate_table.csv,"raw cov90 and width panels"
Supplementary,S3,posterior_family_examples,outputs/84_release_posterior_family_examples/summary.txt,outputs/87_release_conformal_family_export,"schema and export support"
Supplementary,S4,UQ_timescale_gap,outputs/89_release_uq_timescale_gap_snapshot/gap_table.csv,outputs/89_release_uq_timescale_gap_snapshot/summary.txt,"limitation disclosure: route-consistent uncertainty-aware duration missing"
Supplementary,S5,stack_occupancy_panel,outputs/110_release_stack_occupancy_paper_asset/panel_stack_occupancy.csv,outputs/110_release_stack_occupancy_paper_asset/panel_layer_advantage.csv,"outside-in positioning: L2-L3 occupancy advantage, qualified L5"
