figure,panel,task,primary_input,secondary_input,output_expectation,claim_guardrail
Figure_1,A,"Draw external field default schematic","docs/drug_release_paper_positioning_playbook_2026-05-29.md","","simple descriptors -> release arrow","No empirical claim"
Figure_1,B,"Draw core method schematic","ARCHITECTURE.md","release_posterior_family.py","formulation/material + sparse prefix -> feasible state family -> decoder","Do not imply solved cross-mechanism performance"
Figure_1,C,"Draw unification object layer","release_posterior_family.py","docs/release_posterior_family_schema_2026-05-29.md","shared benchmark + shared posterior-family + mechanism-specific decoders","Object contract only, not proof of accuracy"
Figure_2,A,"Plot input-source ablation","outputs/45_input_source_ablation/input_source_summary.csv","outputs/82_release_capability_snapshot/plga_signal_snapshot.csv","bar/point plot of best median R2 by input mode and split","Only claim early signal dominance"
Figure_2,B,"Plot theta-vs-direct gains","outputs/46_direct_curve_rf_input_ablation/theta_vs_direct_summary.csv","outputs/82_release_capability_snapshot/plga_theta_gain_snapshot.csv","distribution or grouped bars of theta-minus-direct gain","Do not claim cross-mechanism generalization"
Figure_2,C,"Plot middle-layer gain audit","outputs/59_middle_layer_gain_audit/aggregate_middle_layer_gain.csv","","summary bars or table inset","Supports mechanism middle layer, not solved duration"
Figure_3,A,"Plot PLGA future timing tallies","outputs/82_release_capability_snapshot/plga_timescale_snapshot.csv","outputs/82_release_capability_snapshot/summary.txt","win/loss tally or heatmap for future t10/t50/t80","Do not claim universal duration superiority"
Figure_3,B,"Plot PLGA shape tallies","outputs/82_release_capability_snapshot/plga_shape_snapshot.csv","outputs/82_release_capability_snapshot/summary.txt","win/loss tally for burst/post-window/residual-tail/tail-AUC","Use as target-divergence evidence only"
Figure_3,C,"Show one representative divergence cell","outputs/82_release_capability_snapshot/summary.txt","","small table or callout contrasting curve vs duration ranking","Must illustrate divergence, not cherry-picked universal win"
Figure_4,A,"Plot liposome group_by_API comparison","outputs/80_liposome_group_by_api_our_et_refined/metrics_summary.csv","outputs/80_liposome_group_by_api_direct_et_q/metrics_summary.csv","paired bars for pooled/median R2 and t10/t50/t80","Claim first non-PLGA bridge only"
Figure_4,B,"Plot liposome group_by_method comparison","outputs/80_liposome_group_by_method_our_et_refined/metrics_summary.csv","outputs/80_liposome_group_by_method_direct_et_q/metrics_summary.csv","paired bars for pooled/median R2 and t10/t50/t80","Do not call this complete cross-mechanism validation"
Figure_4,C,"Plot liposome shape descriptors","outputs/82_release_capability_snapshot/liposome_shape_snapshot.csv","docs/liposome_bridge_verdict_2026-05-29.md","shape panel showing split-dependent route rankings","Use to reinforce target dependence"
Figure_5,A,"Plot calibrated-family panel","outputs/88_release_uncertainty_snapshot/calibrated_family_snapshot.csv","outputs/88_release_uncertainty_snapshot/summary.txt","coverage-width panel across 9 cells","Do not claim uncertainty solved across mechanisms"
Figure_5,B,"Plot representative conformal shift","outputs/88_release_uncertainty_snapshot/summary.txt","","two example cells with raw vs global/local coverage-width change","Curve-space UQ only"
Figure_5,C,"Draw chitosan lock timeline box","outputs/67_chitosan_prospective/lock_metadata.json","docs/PROSPECTIVE_REGISTRATION_chitosan_batch1_2026-05-28.md","timeline or evidence box for lock/prereg/status","Do not present as completed validation"
Supplementary,S1,"Collect baseline benchmark tables","outputs/38d_baselines_groupkfold/summary.txt","outputs/38d_baselines_groupkfold","supplementary benchmark depth","No headline claims live here"
Supplementary,S2,"Collect raw UQ benchmark tables","outputs/62_fib_casp_benchmark/aggregate_table.csv","outputs/66_ensemble_casp/aggregate_table.csv","supplementary UQ detail","Supports but does not replace calibrated-family main panel"
Supplementary,S3,"Collect posterior-family export examples","outputs/84_release_posterior_family_examples/summary.txt","outputs/87_release_conformal_family_export","schema/export support panels","No performance claim from examples alone"
Supplementary,S4,"Disclose UQ-timescale systems gap","outputs/89_release_uq_timescale_gap_snapshot/gap_table.csv","outputs/89_release_uq_timescale_gap_snapshot/summary.txt","limitation figure or note","Must remain visible if broad UQ language is used"
