question,current_answer,external_evidence,local_evidence,claim_status,next_unlock
what_is_the_field_doing_now,"descriptor ML, sparse early-point forecasting, mechanism-local workflow, platform/optimization systems",drug_release_external_paper_journal_inventory_2026-05-29.md,drug_release_external_field_ledger_2026-05-29.md,can_say,incremental refresh only
has_anyone_else_unified_release_stack,no_shared_partially_observed_release_intelligence_stack_yet,release_stack_occupancy_verdict_2026-05-29.md,outputs/109_release_stack_occupancy_comparison/stack_layer_advantage_summary.csv,can_say,reassess if external L2-L3 system appears
can_we_try_to_unify_entire_drug_release,yes_at_stack_interface_object_reporting_layers,unified_release_intelligence_contract_2026-05-29.md,outputs/108_release_stack_manifest/release_stack_manifest.json,can_say,add more mechanism bridges
what_is_the_right_bold_claim,shared_release_intelligence_stack,drug_release_positioning_draft_2026-05-29.md,drug_release_strategy_answer_zh_2026-05-29.md,can_say,no_extra_unlock_needed
what_cannot_be_overclaimed,not_universal_solved_model_not_universal_t80,threshold_target_redesign_verdict_2026-05-29.md,outputs/104_release_threshold_target_summary/threshold_target_scorecard.csv,can_say,timing layer must mature
where_is_the_current_moat,L2_partial_observation_plus_L3_posterior_object,release_stack_occupancy_verdict_2026-05-29.md,outputs/92_release_strategy_figures/stack_occupancy/stack_occupancy_panel.png,can_say,expand into L5 if decision layer matures
what_is_the_weakest_layer,L5_reporting_decision_plus_route_consistent_duration_uq,drug_release_outside_in_strategy_memo_2026-05-29.md,outputs/89_release_uq_timescale_gap_snapshot/summary.txt,can_say,need route-consistent uncertainty-aware duration/shape
what_does_plga_core_prove,early_release_is_dominant_signal_and_middle_object_is_real,drug_release_results_and_discussion_prose_pack_2026-05-29.md,outputs/82_release_capability_snapshot/summary.txt,can_say,expression polishing only
what_does_liposome_bridge_prove,shared_interface_beyond_plga_but_not_complete_cross_mechanism_validation,liposome_bridge_verdict_2026-05-29.md,outputs/91_release_paper_figures/figure4/figure4_liposome_bridge.png,can_say,add more non_plga mechanisms
which_target_layer_is_most_mature,shape_aware_target_layer,release_shape_target_contract_2026-05-29.md,outputs/106_release_target_registry/registry_summary.csv,can_say,improve deep threshold timing
why_universal_t80_is_not_valid,interval_closure_fails_more_than_truth_reachability,timing_failure_taxonomy_verdict_2026-05-29.md,outputs/102_release_timing_failure_audit/failure_mode_by_threshold_method.csv,can_say,need mechanism-aware target redesign
who_to_fight_now,NC_explainable_LAI_and_PLGA_direct_release_family,drug_release_battlecard_zh_2026-05-29.md,drug_release_decision_matrix_zh_2026-05-29.md,can_say,refresh when new benchmark rival appears
what_to_borrow_now,liposome_workflow_and_data_schema_and_hybrid_modeling_language,drug_release_external_paper_journal_inventory_2026-05-29.md,drug_release_battlecard_zh_2026-05-29.md,can_say,integrate borrowed schema/workflow further
what_to_defend_against_now,FormulationLAI_FormulationAI_and_optimization_platform_narrative,drug_release_outside_in_strategy_memo_2026-05-29.md,outputs/92_release_strategy_figures/competitor_landscape/competitor_landscape.png,can_say,build stronger L5 assets
most_valuable_next_move,route_consistent_uncertainty_aware_duration_shape,route_consistent_uq_duration_shape_gap_2026-05-29.md,outputs/97_release_stack_readiness_audit/component_tally.csv,can_say,build benchmark-side route-consistent duration/UQ layer
