doi,paper_short_id,paper_title,paper_formulation_label,local_curve_id,source_dataset,curve_mapping_status,curve_mapping_note,source_section,source_table_or_figure,source_page_or_anchor,raw_text_snippet,normalized_field_name,normalized_value,normalized_unit,contract_bucket,field_group,route_family,route_subfamily,operation_index,unit_operation,operation_role,is_design_stage_input,is_optional_measurement,is_curve_derived,allowed_in_main_model,mapping_confidence,needs_human_review,review_status,exclusion_reason,notes
"10.1007/BF03218313","khang2002","Evaluation of In Vitro Release Profiles of Fentanyl-Loaded PLGA Oligomer Microspheres","FMS_A2","(not mapped yet)","cross321",unmapped,"No local curve ID assigned yet","Methods","paragraph:Experimental section","p2","FMS were prepared by an O/W emulsion solvent-evaporation method. PLGA and fentanyl were dissolved in EA and then emulsified by dropping in W phase containing 3% PVA as emulsifier. EA was removed at 35C by evaporation.",route_family,O/W_emulsion_solvent_evaporation,,R_i^model,route_fact,O/W_emulsion,solvent_evaporation,,,,False,False,False,True,exact,True,needs_quick_spotcheck,,"Route family from explicit method paragraph."
"10.1007/BF03218313","khang2002","Evaluation of In Vitro Release Profiles of Fentanyl-Loaded PLGA Oligomer Microspheres","FMS_A2","(not mapped yet)","cross321",unmapped,"No local curve ID assigned yet","Methods","paragraph:Experimental section","p2","PLGA and fentanyl were dissolved in EA and then emulsified by dropping in W phase containing 3% PVA as emulsifier.",unit_operation_sequence,dissolve_in_organic,,R_i^model,route_fact,O/W_emulsion,solvent_evaporation,1,dissolve_in_organic,dissolve_in_organic,False,False,False,True,exact,True,needs_quick_spotcheck,,"First operation: dissolve polymer and drug in organic solvent."
"10.1007/BF03218313","khang2002","Evaluation of In Vitro Release Profiles of Fentanyl-Loaded PLGA Oligomer Microspheres","FMS_A2","(not mapped yet)","cross321",unmapped,"No local curve ID assigned yet","Methods","paragraph:Experimental section","p2","emulsified by dropping in W phase containing 3% PVA as emulsifier",unit_operation_sequence,emulsify,,R_i^model,route_fact,O/W_emulsion,solvent_evaporation,2,emulsify,emulsify,False,False,False,True,exact,True,needs_quick_spotcheck,,"Second operation: emulsify into aqueous phase."
"10.1007/BF03218313","khang2002","Evaluation of In Vitro Release Profiles of Fentanyl-Loaded PLGA Oligomer Microspheres","FMS_A2","(not mapped yet)","cross321",unmapped,"No local curve ID assigned yet","Methods","paragraph:Experimental section","p2","EA was removed at 35C by evaporation",unit_operation_sequence,solvent_evaporation,,R_i^model,route_fact,O/W_emulsion,solvent_evaporation,3,evaporate_solvent,evaporate_solvent,False,False,False,True,exact,True,needs_quick_spotcheck,,"Third operation: remove solvent by evaporation at 35C."
"10.1007/BF03218313","khang2002","Evaluation of In Vitro Release Profiles of Fentanyl-Loaded PLGA Oligomer Microspheres","FMS_A2","(not mapped yet)","cross321",unmapped,"No local curve ID assigned yet","Methods","paragraph:Experimental section","p2","hardened FMS were washed, centrifuged, and freeze-dried at 70C",unit_operation_sequence,post_processing,,R_i^model,route_fact,O/W_emulsion,solvent_evaporation,4,wash_centrifuge_freeze_dry,wash_centrifuge_freeze_dry,False,False,False,True,exact,True,needs_quick_spotcheck,,"Post-processing: wash, centrifuge, freeze-dry."
"10.1007/BF03218313","khang2002","Evaluation of In Vitro Release Profiles of Fentanyl-Loaded PLGA Oligomer Microspheres","FMS_A2","(not mapped yet)","cross321",unmapped,"No local curve ID assigned yet","Methods","paragraph:Materials","p2","PLGA (Resomer RG 502; PLGA 50:50mole ratio by lactide to glycolide; molecular weight, 5,000g/mole)",polymer_mw,5000,g/mol,X_i^base,design_descriptor,,,,,,,True,False,False,True,exact,True,needs_quick_spotcheck,,"PLGA molecular weight from materials section."
"10.1007/BF03218313","khang2002","Evaluation of In Vitro Release Profiles of Fentanyl-Loaded PLGA Oligomer Microspheres","FMS_A2","(not mapped yet)","cross321",unmapped,"No local curve ID assigned yet","Methods","paragraph:Materials","p2","PLGA 50:50mole ratio by lactide to glycolide",la_ga_ratio,50:50,,X_i^base,design_descriptor,,,,,,,True,False,False,True,exact,True,needs_quick_spotcheck,,"LA:GA ratio from materials section."
"10.1007/BF03218313","khang2002","Evaluation of In Vitro Release Profiles of Fentanyl-Loaded PLGA Oligomer Microspheres","FMS_A2","(not mapped yet)","cross321",unmapped,"No local curve ID assigned yet","Methods","paragraph:Materials","p2","Fentanyl base was purchased from McFarland Smith",drug_identity,fentanyl_base,,X_i^base,design_descriptor,,,,,,,True,False,False,True,exact,True,needs_quick_spotcheck,,"Drug identity from materials section."
"10.1007/BF03218313","khang2002","Evaluation of In Vitro Release Profiles of Fentanyl-Loaded PLGA Oligomer Microspheres","FMS_A2","(not mapped yet)","cross321",unmapped,"No local curve ID assigned yet","Methods","Table I","p4","10wt/v% polymer, 3wt/v% PVA, 5mL EA, drug loading varied 5-30%",solvent,ethyl_acetate,,R_i^model,process_condition,O/W_emulsion,solvent_evaporation,1,dissolve_in_organic,reported_condition,False,False,False,True,exact,True,needs_quick_spotcheck,,"Organic solvent identity."
"10.1007/BF03218313","khang2002","Evaluation of In Vitro Release Profiles of Fentanyl-Loaded PLGA Oligomer Microspheres","FMS_A2","(not mapped yet)","cross321",unmapped,"No local curve ID assigned yet","Methods","Table I","p4","3wt/v% PVA",emulsifier_concentration,3,wt/v%,R_i^model,process_condition,O/W_emulsion,solvent_evaporation,2,emulsify,reported_condition,False,False,False,True,exact,True,needs_quick_spotcheck,,"Emulsifier concentration in control formulation."
"10.1007/BF03218313","khang2002","Evaluation of In Vitro Release Profiles of Fentanyl-Loaded PLGA Oligomer Microspheres","FMS_A2","(not mapped yet)","cross321",unmapped,"No local curve ID assigned yet","Methods","Table I","p4","EA was removed at 35C by evaporation",evaporation_temperature,35,Celsius,R_i^model,process_condition,O/W_emulsion,solvent_evaporation,3,evaporate_solvent,reported_condition,False,False,False,True,exact,True,needs_quick_spotcheck,,"Solvent evaporation temperature."
"10.1007/BF03218313","khang2002","Evaluation of In Vitro Release Profiles of Fentanyl-Loaded PLGA Oligomer Microspheres","FMS_A2","(not mapped yet)","cross321",unmapped,"No local curve ID assigned yet","Methods","paragraph:Morphology Observation","p2","FMS had a spherical shape and smooth surface with few pores",particle_morphology,smooth_spherical,,H_i^available,optional_proxy,,,,,,,False,True,False,False,high,True,needs_quick_spotcheck,,"Post-process morphology proxy from SEM."
"10.22377/ajp.v12i02.2417","kakade2016","Effects of Formulation Parameters on the Characteristics of Biodegradable Microspheres of Goserelin Acetate","M1-M7","(not mapped yet)","cross321",unmapped,"No local curve ID assigned yet","Methods","paragraph:Materials and Methods","p2-3","Emulsification/extraction method was used to prepare goserelin acetate controlled-release PLGA-based biodegradable microspheres.",route_family,O/W_emulsion_solvent_evaporation,,R_i^model,route_fact,O/W_emulsion,solvent_evaporation,,,,False,False,False,True,exact,True,needs_quick_spotcheck,,"Route family from abstract and methods section."
"10.22377/ajp.v12i02.2417","kakade2016","Effects of Formulation Parameters on the Characteristics of Biodegradable Microspheres of Goserelin Acetate","M1-M7","(not mapped yet)","cross321",unmapped,"No local curve ID assigned yet","Methods","paragraph:Solvent emulsification","p3","PLGA dissolved in DCM, emulsified with PVA solution, homogenized, then transferred to extraction tank",unit_operation_sequence,dissolve_in_organic,,R_i^model,route_fact,O/W_emulsion,solvent_evaporation,1,dissolve_in_organic,dissolve_in_organic,False,False,False,True,exact,True,needs_quick_spotcheck,,"First operation: dissolve polymer and drug in DCM."
"10.22377/ajp.v12i02.2417","kakade2016","Effects of Formulation Parameters on the Characteristics of Biodegradable Microspheres of Goserelin Acetate","M1-M7","(not mapped yet)","cross321",unmapped,"No local curve ID assigned yet","Methods","paragraph:Solvent emulsification","p3","homogenization speed 900-1200 rpm",unit_operation_sequence,homogenize,,R_i^model,route_fact,O/W_emulsion,solvent_evaporation,2,homogenize,homogenize,False,False,False,True,exact,True,needs_quick_spotcheck,,"Second operation: homogenize to form emulsion."
"10.22377/ajp.v12i02.2417","kakade2016","Effects of Formulation Parameters on the Characteristics of Biodegradable Microspheres of Goserelin Acetate","M1-M7","(not mapped yet)","cross321",unmapped,"No local curve ID assigned yet","Methods","paragraph:Solvent extraction","p3","emulsion transferred into tank containing water for injection (2-8C) and mixed for 120 min for extraction of solvent and hardening",unit_operation_sequence,solvent_extraction,,R_i^model,route_fact,O/W_emulsion,solvent_evaporation,3,solvent_extraction,solvent_extraction,False,False,False,True,exact,True,needs_quick_spotcheck,,"Third operation: solvent extraction in cold water tank."
"10.22377/ajp.v12i02.2417","kakade2016","Effects of Formulation Parameters on the Characteristics of Biodegradable Microspheres of Goserelin Acetate","M1-M7","(not mapped yet)","cross321",unmapped,"No local curve ID assigned yet","Methods","paragraph:Sieving and drying","p3","passed through 28um sieve and 150um sieve, washed, vacuum dried at 28C for 180 min",unit_operation_sequence,sieve_and_dry,,R_i^model,route_fact,O/W_emulsion,solvent_evaporation,4,sieve_dry,sieve_dry,False,False,False,True,exact,True,needs_quick_spotcheck,,"Post-processing: sieve, wash, vacuum dry."
"10.22377/ajp.v12i02.2417","kakade2016","Effects of Formulation Parameters on the Characteristics of Biodegradable Microspheres of Goserelin Acetate","M1-M7","(not mapped yet)","cross321",unmapped,"No local curve ID assigned yet","Methods","paragraph:Materials","p2","PLGA Resomer RG505 (lactide:glycolide ratio 50:50)",polymer_brand,Resomer_RG505,,X_i^base,design_descriptor,,,,,,,True,False,False,True,exact,True,needs_quick_spotcheck,,"PLGA brand from materials section."
"10.22377/ajp.v12i02.2417","kakade2016","Effects of Formulation Parameters on the Characteristics of Biodegradable Microspheres of Goserelin Acetate","M1-M7","(not mapped yet)","cross321",unmapped,"No local curve ID assigned yet","Methods","paragraph:Materials","p2","Goserelin acetate was purchased from Hemmo Pharmaceutical Private Limited",drug_identity,goserelin_acetate,,X_i^base,design_descriptor,,,,,,,True,False,False,True,exact,True,needs_quick_spotcheck,,"Drug identity from materials section."
"10.22377/ajp.v12i02.2417","kakade2016","Effects of Formulation Parameters on the Characteristics of Biodegradable Microspheres of Goserelin Acetate","M1-M7","(not mapped yet)","cross321",unmapped,"No local curve ID assigned yet","Methods","Table 1","p3","DCM used as organic solvent",solvent,dichloromethane,,R_i^model,process_condition,O/W_emulsion,solvent_evaporation,1,dissolve_in_organic,reported_condition,False,False,False,True,exact,True,needs_quick_spotcheck,,"Organic solvent identity from Table 1."
"10.22377/ajp.v12i02.2417","kakade2016","Effects of Formulation Parameters on the Characteristics of Biodegradable Microspheres of Goserelin Acetate","M1-M7","(not mapped yet)","cross321",unmapped,"No local curve ID assigned yet","Methods","Table 1","p3","PVA concentration varied 0.5-1%",emulsifier_concentration,0.5-1.0,wt%,R_i^model,process_condition,O/W_emulsion,solvent_evaporation,2,homogenize,reported_condition,False,False,False,True,exact,True,needs_quick_spotcheck,,"Emulsifier concentration range from Table 1."
"10.22377/ajp.v12i02.2417","kakade2016","Effects of Formulation Parameters on the Characteristics of Biodegradable Microspheres of Goserelin Acetate","M1-M7","(not mapped yet)","cross321",unmapped,"No local curve ID assigned yet","Methods","Table 1","p3","Homogenization speed varied 900-1200 rpm",homogenization_speed,900-1200,rpm,R_i^model,process_condition,O/W_emulsion,solvent_evaporation,2,homogenize,reported_condition,False,False,False,True,exact,True,needs_quick_spotcheck,,"Homogenization speed range from Table 1."
"10.22377/ajp.v12i02.2417","kakade2016","Effects of Formulation Parameters on the Characteristics of Biodegradable Microspheres of Goserelin Acetate","M1-M7","(not mapped yet)","cross321",unmapped,"No local curve ID assigned yet","Methods","paragraph:Solvent extraction","p3","extraction tank at 2-8C",extraction_temperature,2-8,Celsius,R_i^model,process_condition,O/W_emulsion,solvent_evaporation,3,solvent_extraction,reported_condition,False,False,False,True,exact,True,needs_quick_spotcheck,,"Extraction temperature from methods."
"10.22377/ajp.v12i02.2417","kakade2016","Effects of Formulation Parameters on the Characteristics of Biodegradable Microspheres of Goserelin Acetate","M1-M7","(not mapped yet)","cross321",unmapped,"No local curve ID assigned yet","Methods","paragraph:Morphology","p4","microspheres showed smooth nonporous surface with spherical shape",particle_morphology,smooth_spherical,,H_i^available,optional_proxy,,,,,,,False,True,False,False,high,True,needs_quick_spotcheck,,"Post-process morphology proxy from SEM."
"10.22377/ajp.v12i02.2417","kakade2016","Effects of Formulation Parameters on the Characteristics of Biodegradable Microspheres of Goserelin Acetate","M1-M7","(not mapped yet)","cross321",unmapped,"No local curve ID assigned yet","Methods","Table 2","p5","Average particle diameters 91.57-153.72 um",particle_size,91.57-153.72,um,H_i^available,optional_proxy,,,,,,,False,True,False,False,high,True,needs_quick_spotcheck,,"Particle size range from Table 2."
"10.3109/02652048.2013.778905","gaignaux2013","Evaluation of the degradation of clonidine-loaded PLGA microspheres","F1-F5","(not mapped yet)","cross321",unmapped,"No local curve ID assigned yet","Methods","paragraph:Materials","p3","PLGA 50:50 (RG505) was purchased from Boehringer Ingelheim",polymer_brand,Resomer_RG505,,X_i^base,design_descriptor,,,,,,,True,False,False,True,exact,True,needs_quick_spotcheck,,"PLGA brand from materials section."
"10.3109/02652048.2013.778905","gaignaux2013","Evaluation of the degradation of clonidine-loaded PLGA microspheres","F1-F5","(not mapped yet)","cross321",unmapped,"No local curve ID assigned yet","Methods","paragraph:Materials","p3","PLGA Mw 96000 Da (Table 1 footnote)",polymer_mw,96000,Da,X_i^base,design_descriptor,,,,,,,True,False,False,True,exact,True,needs_quick_spotcheck,,"PLGA molecular weight from Table 1 footnote."
"10.3109/02652048.2013.778905","gaignaux2013","Evaluation of the degradation of clonidine-loaded PLGA microspheres","F1-F5","(not mapped yet)","cross321",unmapped,"No local curve ID assigned yet","Methods","paragraph:Materials","p3","Clonidine HCl was used as model drug",drug_identity,clonidine_HCl,,X_i^base,design_descriptor,,,,,,,True,False,False,True,exact,True,needs_quick_spotcheck,,"Drug identity from materials section."
"10.3109/02652048.2013.778905","gaignaux2013","Evaluation of the degradation of clonidine-loaded PLGA microspheres","F1-F5","(not mapped yet)","cross321",unmapped,"No local curve ID assigned yet","Methods","paragraph:Materials","p3","PVA (87-90% hydrolysed) from Sigma-Aldrich",emulsifier,PVA_87_90 hydrolysed,,R_i^model,process_condition,O/W_emulsion,solvent_evaporation,2,homogenize,reported_condition,False,False,False,True,exact,True,needs_quick_spotcheck,,"Emulsifier identity from materials."
"10.3109/02652048.2013.778905","gaignaux2013","Evaluation of the degradation of clonidine-loaded PLGA microspheres","F1-F5","(not mapped yet)","cross321",unmapped,"No local curve ID assigned yet","Methods","Table 1","p5","o-phase 22.5ml, PVA 300mg, polymer 3g",organic_phase_volume,22.5,mL,R_i^model,process_condition,O/W_emulsion,solvent_evaporation,1,dissolve_in_organic,reported_condition,False,False,False,True,exact,True,needs_quick_spotcheck,,"Organic phase volume from Table 1 footnote."
"10.3109/02652048.2013.778905","gaignaux2013","Evaluation of the degradation of clonidine-loaded PLGA microspheres","F1-F5","(not mapped yet)","cross321",unmapped,"No local curve ID assigned yet","Methods","Table 1","p5","Particle size D[4,3] 17.2-38 um",particle_size,17.2-38,um,H_i^available,optional_proxy,,,,,,,False,True,False,False,high,True,needs_quick_spotcheck,,"Particle size range from Table 1."
"10.3109/02652048.2013.778905","gaignaux2013","Evaluation of the degradation of clonidine-loaded PLGA microspheres","F1-F5","(not mapped yet)","cross321",unmapped,"No local curve ID assigned yet","Methods","Table 2","p5","Initial Mw 60810-81522 Da; final Mw after 35 days 4368-12427 Da",polymer_mw_degradation,60810-81522_to_4368-12427,Da,H_i^available,optional_proxy,,,,,,,False,True,False,False,high,True,needs_quick_spotcheck,,"Polymer Mw degradation profile from Table 2."
"10.3109/02652048.2013.778905","gaignaux2013","Evaluation of the degradation of clonidine-loaded PLGA microspheres","F1-F5","(not mapped yet)","cross321",unmapped,"No local curve ID assigned yet","Methods","paragraph:In vitro degradation study","p3","Degradation at 37C in PBS pH 7.4 with 0.02% sodium azide",degradation_medium,PBS_pH7.4_37C,,R_i^audit,audit_only,,,,,,,False,False,False,False,exact,False,reviewed,,"Degradation study conditions - audit metadata, not manufacturing."
"10.1016/j.ijpharm.2006.08.027","zhang2007","Temozolomide/PLGA microparticles and antitumor activity against Glioma C6 cancer cells in vitro","TM-PLGA","(not mapped yet)","cross321",unmapped,"No local curve ID assigned yet","Methods","paragraph:Microparticles preparation","p2","TM-loaded PLGA microparticles were prepared using emulsifying-solvent evaporation method",route_family,O/W_emulsion_solvent_evaporation,,R_i^model,route_fact,O/W_emulsion,solvent_evaporation,,,,False,False,False,True,exact,True,needs_quick_spotcheck,,"Route family from explicit method paragraph."
"10.1016/j.ijpharm.2006.08.027","zhang2007","Temozolomide/PLGA microparticles and antitumor activity against Glioma C6 cancer cells in vitro","TM-PLGA","(not mapped yet)","cross321",unmapped,"No local curve ID assigned yet","Methods","paragraph:Microparticles preparation","p2","PLGA (0.2g) dissolved in CH2Cl2, TM dispersed, added to 80mL aqueous phase containing 2% PVA at 600rpm",unit_operation_sequence,dissolve_in_organic,,R_i^model,route_fact,O/W_emulsion,solvent_evaporation,1,dissolve_in_organic,dissolve_in_organic,False,False,False,True,exact,True,needs_quick_spotcheck,,"First operation: dissolve polymer in DCM."
"10.1016/j.ijpharm.2006.08.027","zhang2007","Temozolomide/PLGA microparticles and antitumor activity against Glioma C6 cancer cells in vitro","TM-PLGA","(not mapped yet)","cross321",unmapped,"No local curve ID assigned yet","Methods","paragraph:Microparticles preparation","p2","emulsion continuously stirred at room temperature until organic solvent evaporated",unit_operation_sequence,evaporate_solvent,,R_i^model,route_fact,O/W_emulsion,solvent_evaporation,2,evaporate_solvent,evaporate_solvent,False,False,False,True,exact,True,needs_quick_spotcheck,,"Second operation: evaporate solvent."
"10.1016/j.ijpharm.2006.08.027","zhang2007","Temozolomide/PLGA microparticles and antitumor activity against Glioma C6 cancer cells in vitro","TM-PLGA","(not mapped yet)","cross321",unmapped,"No local curve ID assigned yet","Methods","paragraph:Microparticles preparation","p2","microparticles collected by filtration, washed with deionized water, freeze-dried",unit_operation_sequence,post_processing,,R_i^model,route_fact,O/W_emulsion,solvent_evaporation,3,filter_wash_freeze_dry,filter_wash_freeze_dry,False,False,False,True,exact,True,needs_quick_spotcheck,,"Post-processing: filter, wash, freeze-dry."
"10.1016/j.ijpharm.2006.08.027","zhang2007","Temozolomide/PLGA microparticles and antitumor activity against Glioma C6 cancer cells in vitro","TM-PLGA","(not mapped yet)","cross321",unmapped,"No local curve ID assigned yet","Methods","paragraph:Materials","p2","PLGA (75:25 mole ratio of lactide to glycolide) Mw 20000 g/mol",polymer_mw,20000,g/mol,X_i^base,design_descriptor,,,,,,,True,False,False,True,exact,True,needs_quick_spotcheck,,"PLGA molecular weight from materials section."
"10.1016/j.ijpharm.2006.08.027","zhang2007","Temozolomide/PLGA microparticles and antitumor activity against Glioma C6 cancer cells in vitro","TM-PLGA","(not mapped yet)","cross321",unmapped,"No local curve ID assigned yet","Methods","paragraph:Materials","p2","PLGA 75:25 mole ratio of lactide to glycolide",la_ga_ratio,75:25,,X_i^base,design_descriptor,,,,,,,True,False,False,True,exact,True,needs_quick_spotcheck,,"LA:GA ratio from materials section."
"10.1016/j.ijpharm.2006.08.027","zhang2007","Temozolomide/PLGA microparticles and antitumor activity against Glioma C6 cancer cells in vitro","TM-PLGA","(not mapped yet)","cross321",unmapped,"No local curve ID assigned yet","Methods","paragraph:Materials","p2","TM was supplied by Friend Pharmaceutical Co. Ltd.",drug_identity,temozolomide,,X_i^base,design_descriptor,,,,,,,True,False,False,True,exact,True,needs_quick_spotcheck,,"Drug identity from materials section."
"10.1016/j.ijpharm.2006.08.027","zhang2007","Temozolomide/PLGA microparticles and antitumor activity against Glioma C6 cancer cells in vitro","TM-PLGA","(not mapped yet)","cross321",unmapped,"No local curve ID assigned yet","Methods","paragraph:Materials","p2","methylene chloride (CH2Cl2) used as solvent",solvent,dichloromethane,,R_i^model,process_condition,O/W_emulsion,solvent_evaporation,1,dissolve_in_organic,reported_condition,False,False,False,True,exact,True,needs_quick_spotcheck,,"Organic solvent identity."
"10.1016/j.ijpharm.2006.08.027","zhang2007","Temozolomide/PLGA microparticles and antitumor activity against Glioma C6 cancer cells in vitro","TM-PLGA","(not mapped yet)","cross321",unmapped,"No local curve ID assigned yet","Methods","paragraph:Microparticles preparation","p2","2% (w/v) PVA in aqueous phase",emulsifier_concentration,2,wt%,R_i^model,process_condition,O/W_emulsion,solvent_evaporation,2,homogenize,reported_condition,False,False,False,True,exact,True,needs_quick_spotcheck,,"Emulsifier concentration from methods."
"10.1016/j.ijpharm.2006.08.027","zhang2007","Temozolomide/PLGA microparticles and antitumor activity against Glioma C6 cancer cells in vitro","TM-PLGA","(not mapped yet)","cross321",unmapped,"No local curve ID assigned yet","Methods","paragraph:Microparticles preparation","p2","agitation at 600 rpm for 5 min",stirring_rate,600,rpm,R_i^model,process_condition,O/W_emulsion,solvent_evaporation,2,homogenize,reported_condition,False,False,False,True,exact,True,needs_quick_spotcheck,,"Stirring rate from methods."
"10.1016/j.ijpharm.2006.08.027","zhang2007","Temozolomide/PLGA microparticles and antitumor activity against Glioma C6 cancer cells in vitro","TM-PLGA","(not mapped yet)","cross321",unmapped,"No local curve ID assigned yet","Methods","paragraph:SEM results","p4","microspheres had a smooth surface and a spherical geometry",particle_morphology,smooth_spherical,,H_i^available,optional_proxy,,,,,,,False,True,False,False,high,True,needs_quick_spotcheck,,"Post-process morphology proxy from SEM."
"10.1016/j.ijpharm.2006.08.027","zhang2007","Temozolomide/PLGA microparticles and antitumor activity against Glioma C6 cancer cells in vitro","TM-PLGA","(not mapped yet)","cross321",unmapped,"No local curve ID assigned yet","Methods","Table 3","p3","Microparticle size 61.5-64.9 um; EE 62-81%",particle_size,61.5-64.9,um,H_i^available,optional_proxy,,,,,,,False,True,False,False,high,True,needs_quick_spotcheck,,"Particle size and EE from Table 3."
"10.1016/j.ejpb.2007.06.008","mao2008","Effects of process and formulation parameters on characteristics and internal morphology of PLGA microspheres","ABT627-PLGA","(not mapped yet)","cross321",unmapped,"No local curve ID assigned yet","Methods","paragraph:Microsphere preparation","p2","PLGA microspheres were prepared by an emulsion solvent evaporation method. Organic phase injected into aqueous phase containing PVA.",route_family,O/W_emulsion_solvent_evaporation,,R_i^model,route_fact,O/W_emulsion,solvent_evaporation,,,,False,False,False,True,exact,True,needs_quick_spotcheck,,"Route family from explicit method paragraph."
"10.1016/j.ejpb.2007.06.008","mao2008","Effects of process and formulation parameters on characteristics and internal morphology of PLGA microspheres","ABT627-PLGA","(not mapped yet)","cross321",unmapped,"No local curve ID assigned yet","Methods","paragraph:Microsphere preparation","p2","PLGA dissolved in DCM, homogenized at 8000 rpm for 30s, then stirred at 200 rpm for 3h",unit_operation_sequence,dissolve_in_organic,,R_i^model,route_fact,O/W_emulsion,solvent_evaporation,1,dissolve_in_organic,dissolve_in_organic,False,False,False,True,exact,True,needs_quick_spotcheck,,"First operation: dissolve polymer in DCM."
"10.1016/j.ejpb.2007.06.008","mao2008","Effects of process and formulation parameters on characteristics and internal morphology of PLGA microspheres","ABT627-PLGA","(not mapped yet)","cross321",unmapped,"No local curve ID assigned yet","Methods","paragraph:Microsphere preparation","p2","high-speed homogenizer Ultra Turrax at 8000 rpm for 30s",unit_operation_sequence,homogenize,,R_i^model,route_fact,O/W_emulsion,solvent_evaporation,2,homogenize,homogenize,False,False,False,True,exact,True,needs_quick_spotcheck,,"Second operation: homogenize at high speed."
"10.1016/j.ejpb.2007.06.008","mao2008","Effects of process and formulation parameters on characteristics and internal morphology of PLGA microspheres","ABT627-PLGA","(not mapped yet)","cross321",unmapped,"No local curve ID assigned yet","Methods","paragraph:Microsphere preparation","p2","stirred at 200 rpm with propeller mixer for 3h at room temperature to evaporate DCM",unit_operation_sequence,evaporate_solvent,,R_i^model,route_fact,O/W_emulsion,solvent_evaporation,3,evaporate_solvent,evaporate_solvent,False,False,False,True,exact,True,needs_quick_spotcheck,,"Third operation: evaporate solvent by stirring."
"10.1016/j.ejpb.2007.06.008","mao2008","Effects of process and formulation parameters on characteristics and internal morphology of PLGA microspheres","ABT627-PLGA","(not mapped yet)","cross321",unmapped,"No local curve ID assigned yet","Methods","paragraph:Microsphere preparation","p2","microspheres collected by filtration, washed three times with distilled water, then lyophilized",unit_operation_sequence,post_processing,,R_i^model,route_fact,O/W_emulsion,solvent_evaporation,4,filter_wash_lyophilize,filter_wash_lyophilize,False,False,False,True,exact,True,needs_quick_spotcheck,,"Post-processing: filter, wash, lyophilize."
"10.1016/j.ejpb.2007.06.008","mao2008","Effects of process and formulation parameters on characteristics and internal morphology of PLGA microspheres","ABT627-PLGA","(not mapped yet)","cross321",unmapped,"No local curve ID assigned yet","Methods","paragraph:Materials","p2","PLGA 50:50 (Resomer RG502H)",polymer_brand,Resomer_RG502H,,X_i^base,design_descriptor,,,,,,,True,False,False,True,exact,True,needs_quick_spotcheck,,"PLGA brand from materials section."
"10.1016/j.ejpb.2007.06.008","mao2008","Effects of process and formulation parameters on characteristics and internal morphology of PLGA microspheres","ABT627-PLGA","(not mapped yet)","cross321",unmapped,"No local curve ID assigned yet","Methods","paragraph:Materials","p2","ABT627 is a newly synthesized chemotherapeutic agent, lipophilic with slight water solubility",drug_identity,ABT627,,X_i^base,design_descriptor,,,,,,,True,False,False,True,exact,True,needs_quick_spotcheck,,"Drug identity from materials section."
"10.1016/j.ejpb.2007.06.008","mao2008","Effects of process and formulation parameters on characteristics and internal morphology of PLGA microspheres","ABT627-PLGA","(not mapped yet)","cross321",unmapped,"No local curve ID assigned yet","Methods","paragraph:Microsphere preparation","p2","dichloromethane (DCM) used as organic solvent",solvent,dichloromethane,,R_i^model,process_condition,O/W_emulsion,solvent_evaporation,1,dissolve_in_organic,reported_condition,False,False,False,True,exact,True,needs_quick_spotcheck,,"Organic solvent identity."
"10.1016/j.ejpb.2007.06.008","mao2008","Effects of process and formulation parameters on characteristics and internal morphology of PLGA microspheres","ABT627-PLGA","(not mapped yet)","cross321",unmapped,"No local curve ID assigned yet","Methods","paragraph:Microsphere preparation","p2","PVA as emulsifier in aqueous phase",emulsifier,PVA,,R_i^model,process_condition,O/W_emulsion,solvent_evaporation,2,homogenize,reported_condition,False,False,False,True,exact,True,needs_quick_spotcheck,,"Emulsifier identity."
"10.1016/j.ejpb.2007.06.008","mao2008","Effects of process and formulation parameters on characteristics and internal morphology of PLGA microspheres","ABT627-PLGA","(not mapped yet)","cross321",unmapped,"No local curve ID assigned yet","Methods","paragraph:Microsphere preparation","p2","homogenized at 8000 rpm for 30s",homogenization_speed,8000,rpm,R_i^model,process_condition,O/W_emulsion,solvent_evaporation,2,homogenize,reported_condition,False,False,False,True,exact,True,needs_quick_spotcheck,,"Homogenization speed from methods."
"10.1016/j.ejpb.2007.06.008","mao2008","Effects of process and formulation parameters on characteristics and internal morphology of PLGA microspheres","ABT627-PLGA","(not mapped yet)","cross321",unmapped,"No local curve ID assigned yet","Methods","paragraph:Microsphere preparation","p2","stirred at 200 rpm for 3h to evaporate DCM",stirring_rate,200,rpm,R_i^model,process_condition,O/W_emulsion,solvent_evaporation,3,evaporate_solvent,reported_condition,False,False,False,True,exact,True,needs_quick_spotcheck,,"Evaporation stirring rate."
"10.1016/j.ejpb.2007.06.008","mao2008","Effects of process and formulation parameters on characteristics and internal morphology of PLGA microspheres","ABT627-PLGA","(not mapped yet)","cross321",unmapped,"No local curve ID assigned yet","Methods","paragraph:In vitro release","p3","release in PBS pH 7.4 with 0.5% SDS at 37C",release_medium,PBS_pH7.4_SDS_37C,,R_i^audit,audit_only,,,,,,,False,False,False,False,exact,False,reviewed,,"Release study conditions - audit metadata."
"10.3109/10837450.2011.635152","song2013","β-methasone-containing biodegradable PLGA microspheres for intraarticular injection","F1-F16","(not mapped yet)","cross321",unmapped,"No local curve ID assigned yet","Methods","paragraph:Preparation","p2","PLGA microspheres loaded with β-methasone were prepared by s/o/w emulsification solvent evaporation method",route_family,S_O_W_emulsion_solvent_evaporation,,R_i^model,route_fact,S/O/W_emulsion,solvent_evaporation,,,,False,False,False,True,exact,True,needs_quick_spotcheck,,"Route family: S/O/W (solid-in-oil-in-water), not O/W."
"10.3109/10837450.2011.635152","song2013","β-methasone-containing biodegradable PLGA microspheres for intraarticular injection","F1-F16","(not mapped yet)","cross321",unmapped,"No local curve ID assigned yet","Methods","paragraph:Preparation","p2","β-methasone dispersed in DCM containing dissolved PLGA, emulsified in PVA solution",unit_operation_sequence,dissolve_in_organic,,R_i^model,route_fact,S/O/W_emulsion,solvent_evaporation,1,dissolve_in_organic,dissolve_in_organic,False,False,False,True,exact,True,needs_quick_spotcheck,,"First operation: dissolve polymer in DCM, disperse drug."
"10.3109/10837450.2011.635152","song2013","β-methasone-containing biodegradable PLGA microspheres for intraarticular injection","F1-F16","(not mapped yet)","cross321",unmapped,"No local curve ID assigned yet","Methods","paragraph:Preparation","p2","emulsified in PVA solution, stirred at 600-900 rpm",unit_operation_sequence,emulsify,,R_i^model,route_fact,S/O/W_emulsion,solvent_evaporation,2,emulsify,emulsify,False,False,False,True,exact,True,needs_quick_spotcheck,,"Second operation: emulsify into aqueous phase."
"10.3109/10837450.2011.635152","song2013","β-methasone-containing biodegradable PLGA microspheres for intraarticular injection","F1-F16","(not mapped yet)","cross321",unmapped,"No local curve ID assigned yet","Methods","paragraph:Preparation","p2","solvent evaporated, microspheres collected by filtration, freeze-dried",unit_operation_sequence,post_processing,,R_i^model,route_fact,S/O/W_emulsion,solvent_evaporation,3,evaporate_filter_freeze_dry,evaporate_filter_freeze_dry,False,False,False,True,exact,True,needs_quick_spotcheck,,"Post-processing: evaporate, filter, freeze-dry."
"10.3109/10837450.2011.635152","song2013","β-methasone-containing biodegradable PLGA microspheres for intraarticular injection","F1-F16","(not mapped yet)","cross321",unmapped,"No local curve ID assigned yet","Methods","paragraph:Materials","p2","PLGA lactide:glycolide = 75:25, MW 20000",polymer_mw,20000,g/mol,X_i^base,design_descriptor,,,,,,,True,False,False,True,exact,True,needs_quick_spotcheck,,"PLGA molecular weight from materials."
"10.3109/10837450.2011.635152","song2013","β-methasone-containing biodegradable PLGA microspheres for intraarticular injection","F1-F16","(not mapped yet)","cross321",unmapped,"No local curve ID assigned yet","Methods","paragraph:Materials","p2","PLGA 75:25 lactide to glycolide",la_ga_ratio,75:25,,X_i^base,design_descriptor,,,,,,,True,False,False,True,exact,True,needs_quick_spotcheck,,"LA:GA ratio from materials."
"10.3109/10837450.2011.635152","song2013","β-methasone-containing biodegradable PLGA microspheres for intraarticular injection","F1-F16","(not mapped yet)","cross321",unmapped,"No local curve ID assigned yet","Methods","paragraph:Materials","p2","β-methasone obtained from Tianjin Tianyao Co.",drug_identity,beta_methasone,,X_i^base,design_descriptor,,,,,,,True,False,False,True,exact,True,needs_quick_spotcheck,,"Drug identity from materials."
"10.3109/10837450.2011.635152","song2013","β-methasone-containing biodegradable PLGA microspheres for intraarticular injection","F1-F16","(not mapped yet)","cross321",unmapped,"No local curve ID assigned yet","Methods","paragraph:Materials","p2","methylene chloride used as organic solvent",solvent,dichloromethane,,R_i^model,process_condition,S/O/W_emulsion,solvent_evaporation,1,dissolve_in_organic,reported_condition,False,False,False,True,exact,True,needs_quick_spotcheck,,"Organic solvent identity."
"10.3109/10837450.2011.635152","song2013","β-methasone-containing biodegradable PLGA microspheres for intraarticular injection","F1-F16","(not mapped yet)","cross321",unmapped,"No local curve ID assigned yet","Methods","Table 1","p3","PVA concentration varied 1.5-3.0% w/v",emulsifier_concentration,1.5-3.0,wt%,R_i^model,process_condition,S/O/W_emulsion,solvent_evaporation,2,emulsify,reported_condition,False,False,False,True,exact,True,needs_quick_spotcheck,,"PVA concentration range from Table 1."
"10.3109/10837450.2011.635152","song2013","β-methasone-containing biodegradable PLGA microspheres for intraarticular injection","F1-F16","(not mapped yet)","cross321",unmapped,"No local curve ID assigned yet","Methods","Table 1","p3","Stirring rate varied 600-900 rpm",stirring_rate,600-900,rpm,R_i^model,process_condition,S/O/W_emulsion,solvent_evaporation,2,emulsify,reported_condition,False,False,False,True,exact,True,needs_quick_spotcheck,,"Stirring rate range from Table 1."
"10.3109/10837450.2011.635152","song2013","β-methasone-containing biodegradable PLGA microspheres for intraarticular injection","F1-F16","(not mapped yet)","cross321",unmapped,"No local curve ID assigned yet","Methods","Table 1","p3","Particle size 35.48-113.90 um; EE 34.77-66.58%",particle_size,35.48-113.90,um,H_i^available,optional_proxy,,,,,,,False,True,False,False,high,True,needs_quick_spotcheck,,"Particle size and EE range from Table 1."
"10.3109/10837450.2011.635152","song2013","β-methasone-containing biodegradable PLGA microspheres for intraarticular injection","F1-F16","(not mapped yet)","cross321",unmapped,"No local curve ID assigned yet","Methods","paragraph:SEM","p4","regular spherical shape with smooth surface, porous layer visible",particle_morphology,smooth_spherical_porous,,H_i^available,optional_proxy,,,,,,,False,True,False,False,high,True,needs_quick_spotcheck,,"Post-process morphology from SEM."
"10.1208/s12249-010-9445-5","khaled2010","Prednisolone-Loaded PLGA Microspheres: Characterization and Application in Adjuvant-Induced Arthritis in Mice","F#1-F#9","(not mapped yet)","cross321",unmapped,"No local curve ID assigned yet","Methods","paragraph:Preparation of the Microspheres","p2","Microspheres were prepared using oil-in-water (o/w) emulsion-solvent evaporation technique",route_family,O/W_emulsion_solvent_evaporation,,R_i^model,route_fact,O/W_emulsion,solvent_evaporation,,,,False,False,False,True,exact,True,needs_quick_spotcheck,,"Route family from explicit method paragraph."
"10.1208/s12249-010-9445-5","khaled2010","Prednisolone-Loaded PLGA Microspheres: Characterization and Application in Adjuvant-Induced Arthritis in Mice","F#1-F#9","(not mapped yet)","cross321",unmapped,"No local curve ID assigned yet","Methods","paragraph:Preparation of the Microspheres","p2","PLGA dissolved in 1.5 mL DCM, PD dispersed, added dropwise to 50 mL aqueous PVA solution at 2000 rpm",unit_operation_sequence,dissolve_in_organic,,R_i^model,route_fact,O/W_emulsion,solvent_evaporation,1,dissolve_in_organic,dissolve_in_organic,False,False,False,True,exact,True,needs_quick_spotcheck,,"First operation: dissolve polymer in DCM."
"10.1208/s12249-010-9445-5","khaled2010","Prednisolone-Loaded PLGA Microspheres: Characterization and Application in Adjuvant-Induced Arthritis in Mice","F#1-F#9","(not mapped yet)","cross321",unmapped,"No local curve ID assigned yet","Methods","paragraph:Preparation of the Microspheres","p2","emulsion stirred at 500 rpm for 3h to evaporate DCM",unit_operation_sequence,evaporate_solvent,,R_i^model,route_fact,O/W_emulsion,solvent_evaporation,2,evaporate_solvent,evaporate_solvent,False,False,False,True,exact,True,needs_quick_spotcheck,,"Second operation: evaporate solvent."
"10.1208/s12249-010-9445-5","khaled2010","Prednisolone-Loaded PLGA Microspheres: Characterization and Application in Adjuvant-Induced Arthritis in Mice","F#1-F#9","(not mapped yet)","cross321",unmapped,"No local curve ID assigned yet","Methods","paragraph:Preparation of the Microspheres","p2","microspheres harvested by centrifugation at 8000 rpm, washed three times, freeze-dried overnight",unit_operation_sequence,post_processing,,R_i^model,route_fact,O/W_emulsion,solvent_evaporation,3,centrifuge_wash_freeze_dry,centrifuge_wash_freeze_dry,False,False,False,True,exact,True,needs_quick_spotcheck,,"Post-processing: centrifuge, wash, freeze-dry."
"10.1208/s12249-010-9445-5","khaled2010","Prednisolone-Loaded PLGA Microspheres: Characterization and Application in Adjuvant-Induced Arthritis in Mice","F#1-F#9","(not mapped yet)","cross321",unmapped,"No local curve ID assigned yet","Methods","paragraph:Materials","p2","PLGA various compositions and MWs used",polymer_composition,various,,X_i^base,design_descriptor,,,,,,,True,False,False,True,medium,True,needs_quick_spotcheck,,"PLGA composition not specified as single grade - multiple tested."
"10.1208/s12249-010-9445-5","khaled2010","Prednisolone-Loaded PLGA Microspheres: Characterization and Application in Adjuvant-Induced Arthritis in Mice","F#1-F#9","(not mapped yet)","cross321",unmapped,"No local curve ID assigned yet","Methods","paragraph:Materials","p2","Prednisolone (PD) as model drug",drug_identity,prednisolone,,X_i^base,design_descriptor,,,,,,,True,False,False,True,exact,True,needs_quick_spotcheck,,"Drug identity from materials."
"10.1208/s12249-010-9445-5","khaled2010","Prednisolone-Loaded PLGA Microspheres: Characterization and Application in Adjuvant-Induced Arthritis in Mice","F#1-F#9","(not mapped yet)","cross321",unmapped,"No local curve ID assigned yet","Methods","paragraph:Materials","p2","dichloromethane (DCM) used as organic solvent",solvent,dichloromethane,,R_i^model,process_condition,O/W_emulsion,solvent_evaporation,1,dissolve_in_organic,reported_condition,False,False,False,True,exact,True,needs_quick_spotcheck,,"Organic solvent identity."
"10.1208/s12249-010-9445-5","khaled2010","Prednisolone-Loaded PLGA Microspheres: Characterization and Application in Adjuvant-Induced Arthritis in Mice","F#1-F#9","(not mapped yet)","cross321",unmapped,"No local curve ID assigned yet","Methods","Table 1","p4","PVA concentration varied 1-5%; also tested SDS, Tween 80, MC, gelatin",emulsifier_type,PVA_SDS_Tween80_MC_gelatin,,R_i^model,process_condition,O/W_emulsion,solvent_evaporation,2,emulsify,reported_condition,False,False,False,True,exact,True,needs_quick_spotcheck,,"Multiple emulsifier types tested."
"10.1208/s12249-010-9445-5","khaled2010","Prednisolone-Loaded PLGA Microspheres: Characterization and Application in Adjuvant-Induced Arthritis in Mice","F#1-F#9","(not mapped yet)","cross321",unmapped,"No local curve ID assigned yet","Methods","paragraph:Preparation","p2","initial emulsification at 2000 rpm, then 500 rpm for evaporation",stirring_rate,2000_then_500,rpm,R_i^model,process_condition,O/W_emulsion,solvent_evaporation,2,emulsify,reported_condition,False,False,False,True,exact,True,needs_quick_spotcheck,,"Two-stage stirring rate."
"10.1208/s12249-010-9445-5","khaled2010","Prednisolone-Loaded PLGA Microspheres: Characterization and Application in Adjuvant-Induced Arthritis in Mice","F#1-F#9","(not mapped yet)","cross321",unmapped,"No local curve ID assigned yet","Methods","Table 1","p4","Mean particle size 18-65 um; EE 25-68%",particle_size,18-65,um,H_i^available,optional_proxy,,,,,,,False,True,False,False,high,True,needs_quick_spotcheck,,"Particle size and EE range from Table 1."
"10.1208/s12249-010-9445-5","khaled2010","Prednisolone-Loaded PLGA Microspheres: Characterization and Application in Adjuvant-Induced Arthritis in Mice","F#1-F#9","(not mapped yet)","cross321",unmapped,"No local curve ID assigned yet","Methods","paragraph:SEM","p4","spherical shape with smooth and intact surfaces",particle_morphology,smooth_spherical,,H_i^available,optional_proxy,,,,,,,False,True,False,False,high,True,needs_quick_spotcheck,,"Post-process morphology from SEM."
"10.1007/s11095-010-0202-y","wischke2010","Development of PLGA-Based Injectable Delivery Systems For Hydrophobic Fenretinide","MP-PLGA","(not mapped yet)","cross321",unmapped,"No local curve ID assigned yet","Methods","paragraph:Microparticle Preparation","p3","encapsulation performed by s/o/w methodology",route_family,S_O_W_emulsion_solvent_evaporation,,R_i^model,route_fact,S/O/W_emulsion,solvent_evaporation,,,,False,False,False,True,exact,True,needs_quick_spotcheck,,"Route family: S/O/W for microparticles."
"10.1007/s11095-010-0202-y","wischke2010","Development of PLGA-Based Injectable Delivery Systems For Hydrophobic Fenretinide","MP-PLGA","(not mapped yet)","cross321",unmapped,"No local curve ID assigned yet","Methods","paragraph:Microparticle Preparation","p3","polymer dissolved in 2.5 mL MC, drug suspended, emulsified in 5 mL 5% PVA, poured into 75 mL 0.5% PVA",unit_operation_sequence,dissolve_in_organic,,R_i^model,route_fact,S/O/W_emulsion,solvent_evaporation,1,dissolve_in_organic,dissolve_in_organic,False,False,False,True,exact,True,needs_quick_spotcheck,,"First operation: dissolve polymer in MC."
"10.1007/s11095-010-0202-y","wischke2010","Development of PLGA-Based Injectable Delivery Systems For Hydrophobic Fenretinide","MP-PLGA","(not mapped yet)","cross321",unmapped,"No local curve ID assigned yet","Methods","paragraph:Microparticle Preparation","p3","solvent evaporation at room temperature for 3h, particles collected on test sieves, washed, lyophilized",unit_operation_sequence,post_processing,,R_i^model,route_fact,S/O/W_emulsion,solvent_evaporation,2,evaporate_filter_lyophilize,evaporate_filter_lyophilize,False,False,False,True,exact,True,needs_quick_spotcheck,,"Post-processing: evaporate, sieve, wash, lyophilize."
"10.1007/s11095-010-0202-y","wischke2010","Development of PLGA-Based Injectable Delivery Systems For Hydrophobic Fenretinide","MP-PLGA","(not mapped yet)","cross321",unmapped,"No local curve ID assigned yet","Methods","paragraph:Materials","p2","PLGA Resomer RG 502H (i.v. 0.20 dl/g) and RG 503 (i.v. 0.42 dl/g)",polymer_brand,Resomer_RG502H_RG503,,X_i^base,design_descriptor,,,,,,,True,False,False,True,exact,True,needs_quick_spotcheck,,"PLGA brands from materials."
"10.1007/s11095-010-0202-y","wischke2010","Development of PLGA-Based Injectable Delivery Systems For Hydrophobic Fenretinide","MP-PLGA","(not mapped yet)","cross321",unmapped,"No local curve ID assigned yet","Methods","paragraph:Materials","p2","Fenretinide [N-(4-hydroxyphenyl)retinamide] from Merck",drug_identity,fenretinide,,X_i^base,design_descriptor,,,,,,,True,False,False,True,exact,True,needs_quick_spotcheck,,"Drug identity from materials."
"10.1007/s11095-010-0202-y","wischke2010","Development of PLGA-Based Injectable Delivery Systems For Hydrophobic Fenretinide","MP-PLGA","(not mapped yet)","cross321",unmapped,"No local curve ID assigned yet","Methods","paragraph:Materials","p2","methylene chloride (MC) used as organic solvent",solvent,methylene_chloride,,R_i^model,process_condition,S/O/W_emulsion,solvent_evaporation,1,dissolve_in_organic,reported_condition,False,False,False,True,exact,True,needs_quick_spotcheck,,"Organic solvent identity."
"10.1007/s11095-010-0202-y","wischke2010","Development of PLGA-Based Injectable Delivery Systems For Hydrophobic Fenretinide","MP-PLGA","(not mapped yet)","cross321",unmapped,"No local curve ID assigned yet","Methods","paragraph:Materials","p2","PVA Mw 10 kDa, 80% hydrolyzed",emulsifier,PVA_10kDa_80_hydrolysed,,R_i^model,process_condition,S/O/W_emulsion,solvent_evaporation,2,emulsify,reported_condition,False,False,False,True,exact,True,needs_quick_spotcheck,,"Emulsifier identity and grade."
"10.1007/s11095-010-0202-y","wischke2010","Development of PLGA-Based Injectable Delivery Systems For Hydrophobic Fenretinide","MP-PLGA","(not mapped yet)","cross321",unmapped,"No local curve ID assigned yet","Methods","paragraph:Microparticle Preparation","p3","20% theoretical drug loading",drug_loading,20,wt%,X_i^base,design_descriptor,,,,,,,True,False,False,True,exact,True,needs_quick_spotcheck,,"Target drug loading from methods."
"10.1007/s11095-010-0202-y","wischke2010","Development of PLGA-Based Injectable Delivery Systems For Hydrophobic Fenretinide","MP-PLGA","(not mapped yet)","cross321",unmapped,"No local curve ID assigned yet","Methods","paragraph:Microparticle Preparation","p3","drug suspended at 10000 rpm for 60s before emulsification",drug_preparation,sonicate_suspend,,R_i^model,process_condition,S/O/W_emulsion,solvent_evaporation,0,drug_suspension,reported_condition,False,False,False,True,exact,True,needs_quick_spotcheck,,"Drug pre-treatment: suspension by high-speed mixing."
"10.1016/j.jddst.2015.10.009","gasmi2015","Importance of PLGA microparticle swelling for the control of prilocaine release","PLGA-Prilocaine","(not mapped yet)","cross321",unmapped,"No local curve ID assigned yet","Methods","paragraph:Microparticle preparation","p2","PLGA dissolved in DCM, emulsified in PVA solution",route_family,O/W_emulsion_solvent_evaporation,,R_i^model,route_fact,O/W_emulsion,solvent_evaporation,,,,False,False,False,True,exact,True,needs_quick_spotcheck,,"Route family from methods."
"10.1016/j.jddst.2015.10.009","gasmi2015","Importance of PLGA microparticle swelling for the control of prilocaine release","PLGA-Prilocaine","(not mapped yet)","cross321",unmapped,"No local curve ID assigned yet","Methods","paragraph:Microparticle preparation","p2","PLGA dissolved in DCM, organic phase emulsified in 2.5L 0.25% PVA at 2000 rpm",unit_operation_sequence,dissolve_in_organic,,R_i^model,route_fact,O/W_emulsion,solvent_evaporation,1,dissolve_in_organic,dissolve_in_organic,False,False,False,True,exact,True,needs_quick_spotcheck,,"First operation: dissolve polymer in DCM."
"10.1016/j.jddst.2015.10.009","gasmi2015","Importance of PLGA microparticle swelling for the control of prilocaine release","PLGA-Prilocaine","(not mapped yet)","cross321",unmapped,"No local curve ID assigned yet","Methods","paragraph:Microparticle preparation","p2","hardened by adding 2.5L PVA solution and stirring at 700 rpm for 4h",unit_operation_sequence,hardening,,R_i^model,route_fact,O/W_emulsion,solvent_evaporation,2,emulsify_harden,emulsify_harden,False,False,False,True,exact,True,needs_quick_spotcheck,,"Second operation: emulsify and harden."
"10.1016/j.jddst.2015.10.009","gasmi2015","Importance of PLGA microparticle swelling for the control of prilocaine release","PLGA-Prilocaine","(not mapped yet)","cross321",unmapped,"No local curve ID assigned yet","Methods","paragraph:Microparticle preparation","p2","microparticles separated by filtration and freeze-dried",unit_operation_sequence,post_processing,,R_i^model,route_fact,O/W_emulsion,solvent_evaporation,3,filter_freeze_dry,filter_freeze_dry,False,False,False,True,exact,True,needs_quick_spotcheck,,"Post-processing: filter, freeze-dry."
"10.1016/j.jddst.2015.10.009","gasmi2015","Importance of PLGA microparticle swelling for the control of prilocaine release","PLGA-Prilocaine","(not mapped yet)","cross321",unmapped,"No local curve ID assigned yet","Methods","paragraph:Materials","p2","Prilocaine free base as model drug",drug_identity,prilocaine_free_base,,X_i^base,design_descriptor,,,,,,,True,False,False,True,exact,True,needs_quick_spotcheck,,"Drug identity from materials."
"10.1016/j.jddst.2015.10.009","gasmi2015","Importance of PLGA microparticle swelling for the control of prilocaine release","PLGA-Prilocaine","(not mapped yet)","cross321",unmapped,"No local curve ID assigned yet","Methods","paragraph:Materials","p2","dichloromethane used as organic solvent",solvent,dichloromethane,,R_i^model,process_condition,O/W_emulsion,solvent_evaporation,1,dissolve_in_organic,reported_condition,False,False,False,True,exact,True,needs_quick_spotcheck,,"Organic solvent identity."
"10.1016/j.jddst.2015.10.009","gasmi2015","Importance of PLGA microparticle swelling for the control of prilocaine release","PLGA-Prilocaine","(not mapped yet)","cross321",unmapped,"No local curve ID assigned yet","Methods","paragraph:Materials","p2","PVA 0.25% w/w as outer aqueous phase",emulsifier_concentration,0.25,wt%,R_i^model,process_condition,O/W_emulsion,solvent_evaporation,2,emulsify_harden,reported_condition,False,False,False,True,exact,True,needs_quick_spotcheck,,"Emulsifier concentration from methods."
"10.1016/j.jddst.2015.10.009","gasmi2015","Importance of PLGA microparticle swelling for the control of prilocaine release","PLGA-Prilocaine","(not mapped yet)","cross321",unmapped,"No local curve ID assigned yet","Methods","paragraph:Materials","p2","stirring at 2000 rpm (emulsification) then 700 rpm (hardening)",stirring_rate,2000_then_700,rpm,R_i^model,process_condition,O/W_emulsion,solvent_evaporation,2,emulsify_harden,reported_condition,False,False,False,True,exact,True,needs_quick_spotcheck,,"Two-stage stirring rate."
"10.1016/j.ijpharm.2020.119601","grizic2020","Predictability of drug encapsulation and release from propylene carbonate/PLGA microparticles","PC-PLGA","(not mapped yet)","cross321",unmapped,"No local curve ID assigned yet","Methods","paragraph:Microparticle preparation","p3","PLGA dissolved in propylene carbonate (PC), emulsified in PVA solution",route_family,PC_PLGA_microparticle,,R_i^model,route_fact,PC_PLGA,solvent_evaporation,,,,False,False,False,True,exact,True,needs_quick_spotcheck,,"Non-standard route: PC as solvent instead of DCM."
"10.1016/j.ijpharm.2020.119601","grizic2020","Predictability of drug encapsulation and release from propylene carbonate/PLGA microparticles","PC-PLGA","(not mapped yet)","cross321",unmapped,"No local curve ID assigned yet","Methods","paragraph:Materials","p3","propylene carbonate used as organic solvent",solvent,propylene_carbonate,,R_i^model,process_condition,PC_PLGA,solvent_evaporation,1,dissolve_in_organic,reported_condition,False,False,False,True,exact,True,needs_quick_spotcheck,,"Non-standard solvent identity."
"10.1016/j.ijpharm.2020.119601","grizic2020","Predictability of drug encapsulation and release from propylene carbonate/PLGA microparticles","PC-PLGA","(not mapped yet)","cross321",unmapped,"No local curve ID assigned yet","Methods","paragraph:Materials","p3","8 BCS class II drugs tested: celecoxib, clotrimazole, erythromycin, ibuprofen, indomethacin, itraconazole, lopinavir, ritonavir",drug_identity,multiple_BCS_class_II,,X_i^base,design_descriptor,,,,,,,True,False,False,True,exact,True,needs_quick_spotcheck,,"Multiple drugs tested for solubility parameter predictability."
"10.2174/1567201816666181227105930","pervaiz2019","Development and Characterization of Olanzapine Loaded PLGA Microspheres for Depot Injection","OZ-PLGA","(not mapped yet)","cross321",unmapped,"No local curve ID assigned yet","Methods","paragraph:Microsphere fabrication","p2","O/W emulsion solvent evaporation method used",route_family,O/W_emulsion_solvent_evaporation,,R_i^model,route_fact,O/W_emulsion,solvent_evaporation,,,,False,False,False,True,exact,True,needs_quick_spotcheck,,"Route family from methods."
"10.2174/1567201816666181227105930","pervaiz2019","Development and Characterization of Olanzapine Loaded PLGA Microspheres for Depot Injection","OZ-PLGA","(not mapped yet)","cross321",unmapped,"No local curve ID assigned yet","Methods","paragraph:Microsphere fabrication","p2","50 mg olanzapine and 250 mg PLGA dissolved in 10 mL 9:1 DCM:methanol, emulsified in 150 mL 1% PVA",unit_operation_sequence,dissolve_in_organic,,R_i^model,route_fact,O/W_emulsion,solvent_evaporation,1,dissolve_in_organic,dissolve_in_organic,False,False,False,True,exact,True,needs_quick_spotcheck,,"First operation: dissolve in DCM:methanol."
"10.2174/1567201816666181227105930","pervaiz2019","Development and Characterization of Olanzapine Loaded PLGA Microspheres for Depot Injection","OZ-PLGA","(not mapped yet)","cross321",unmapped,"No local curve ID assigned yet","Methods","paragraph:Microsphere fabrication","p2","homogenized at different rates for 15 min at 8C, DCM extracted at 37C by stirring 18h at 100 rpm",unit_operation_sequence,evaporate_solvent,,R_i^model,route_fact,O/W_emulsion,solvent_evaporation,2,homogenize_evaporate,homogenize_evaporate,False,False,False,True,exact,True,needs_quick_spotcheck,,"Second operation: homogenize and evaporate."
"10.2174/1567201816666181227105930","pervaiz2019","Development and Characterization of Olanzapine Loaded PLGA Microspheres for Depot Injection","OZ-PLGA","(not mapped yet)","cross321",unmapped,"No local curve ID assigned yet","Methods","paragraph:Microsphere fabrication","p2","microspheres obtained by filtration, washed, lyophilized with mannitol",unit_operation_sequence,post_processing,,R_i^model,route_fact,O/W_emulsion,solvent_evaporation,3,filter_wash_lyophilize,filter_wash_lyophilize,False,False,False,True,exact,True,needs_quick_spotcheck,,"Post-processing: filter, wash, lyophilize."
"10.2174/1567201816666181227105930","pervaiz2019","Development and Characterization of Olanzapine Loaded PLGA Microspheres for Depot Injection","OZ-PLGA","(not mapped yet)","cross321",unmapped,"No local curve ID assigned yet","Methods","paragraph:Materials","p2","Olanzapine as model drug",drug_identity,olanzapine,,X_i^base,design_descriptor,,,,,,,True,False,False,True,exact,True,needs_quick_spotcheck,,"Drug identity from materials."
"10.2174/1567201816666181227105930","pervaiz2019","Development and Characterization of Olanzapine Loaded PLGA Microspheres for Depot Injection","OZ-PLGA","(not mapped yet)","cross321",unmapped,"No local curve ID assigned yet","Methods","paragraph:Materials","p2","DCM:methanol 9:1 as organic solvent",solvent,DCM_methanol_9_1,,R_i^model,process_condition,O/W_emulsion,solvent_evaporation,1,dissolve_in_organic,reported_condition,False,False,False,True,exact,True,needs_quick_spotcheck,,"Mixed solvent identity."
"10.2174/1567201816666181227105930","pervaiz2019","Development and Characterization of Olanzapine Loaded PLGA Microspheres for Depot Injection","OZ-PLGA","(not mapped yet)","cross321",unmapped,"No local curve ID assigned yet","Methods","paragraph:Materials","p2","1% PVA as emulsifier",emulsifier_concentration,1,wt%,R_i^model,process_condition,O/W_emulsion,solvent_evaporation,2,homogenize_evaporate,reported_condition,False,False,False,True,exact,True,needs_quick_spotcheck,,"Emulsifier concentration from methods."
