doi,paper_short_id,paper_title,year,journal,system_family,n_formulations_reported,n_curves_linked_local,curve_mapping_possible,curve_mapping_note,has_explicit_method_paragraph,has_formulation_table,has_process_condition_table,has_supplementary_methods,has_post_process_proxies,route_family_explicit,route_family_candidates,shared_route_family_candidate,has_formulation_level_process_variation,has_formula_level_proxy_measurements,priority_tier,recommended_next_action,triage_status,triage_confidence,needs_human_review,reviewer,review_date,notes
, , , ,PLGA, , ,unknown, ,unknown,unknown,unknown,unknown,unknown,unknown,unknown, ,unknown,unknown,unknown,high_yield,triage_for_route_extraction,not_started,low,True, , ,
"10.1007/BF03218313","khang2002","Evaluation of In Vitro Release Profiles of Fentanyl-Loaded PLGA Oligomer Microspheres",2002,Macromolecular Research,PLGA,7,0,unknown,"No local curve mapping yet; 7 formulations reported in tables I-IV",yes,yes,yes,no,unknown,yes,"O/W emulsion solvent evaporation",unknown,no,high_yield,extract_R_model_and_X_base,triaged,high,True,"MiMo","2026-06-14","Strong method section with explicit O/W solvent evaporation route. 4 tables varying drug loading, polymer concentration, emulsifier concentration, and solvent volume. PLGA 50:50 Mw 5000 (Resomer RG 502), EA solvent, PVA emulsifier. Post-process proxies: SEM morphology, XRD, particle size."
"10.22377/ajp.v12i02.2417","kakade2016","Effects of Formulation Parameters on the Characteristics of Biodegradable Microspheres of Goserelin Acetate",2016,Asian Journal of Pharmaceutical and Clinical Research,PLGA,7,0,unknown,"No local curve mapping yet; paper reports 7 formulations (M1-M7) in Table 1; corpus digitized 6 curves for this DOI (n_formulations in plga_321_corpus_dois.csv = 6)",yes,yes,yes,no,unknown,yes,"O/W emulsion solvent evaporation",unknown,no,high_yield,extract_R_model_and_X_base,triaged,high,True,"MiMo","2026-06-14","Strong method section with explicit emulsification/extraction route. Table 1 has 7 formulations varying drug:polymer ratio, PVA concentration, homogenization speed. PLGA 50:50 (Resomer RG505), DCM solvent, PVA emulsifier. Post-process proxies: SEM morphology, particle size, encapsulation efficiency. n_formulations_reported (7) > corpus digitized curves (6): one formulation likely not digitized or merged."
"10.3109/02652048.2013.778905","gaignaux2013","Evaluation of the degradation of clonidine-loaded PLGA microspheres",2013,Journal of Microencapsulation,PLGA,5,0,unknown,"No local curve mapping yet; paper reports 5 formulations in Table 1; corpus digitized 4 curves for this DOI (n_formulations in plga_321_corpus_dois.csv = 4)",partial,yes,no,no,yes,partial,"O/W emulsion solvent evaporation (ref Gaignaux 2012)",unknown,no,medium,extract_available_X_base_and_H_proxy,triaged,medium,True,"MiMo","2026-06-14","Degradation-focused paper. Preparation details in ref Gaignaux 2012. Table 1 has 5 formulations varying clonidine loading and buffer pH. PLGA 50:50 RG505 Mw 96kDa. Rich post-process proxies: GPC Mw, WU, WL, SEM, DSC, XRD, pH. n_formulations_reported (5) > corpus digitized curves (4): F1 (drug-free placebo) likely excluded from release dataset."
"10.1016/j.ijpharm.2006.08.027","zhang2007","Temozolomide/PLGA microparticles and antitumor activity against Glioma C6 cancer cells in vitro",2007,International Journal of Pharmaceutics,PLGA,3,0,unknown,"No local curve mapping yet; 3 formulations varying drug loading in Table 3",yes,yes,no,no,unknown,yes,"O/W emulsion solvent evaporation",unknown,no,high_yield,extract_R_model_and_X_base,triaged,high,True,"MiMo","2026-06-14","Strong method section with explicit emulsifying-solvent evaporation route. Table 3 has 3 formulations varying TM amount 10-80mg. PLGA 75:25 Mw 20000, DCM solvent, PVA 2% emulsifier. Post-process proxies: SEM, DSC, XRD."
"10.1016/j.ejpb.2007.06.008","mao2008","Effects of process and formulation parameters on characteristics and internal morphology of poly(D,L-lactide-co-glycolide) microspheres formed by the solvent evaporation method",2008,European Journal of Pharmaceutics and Biopharmaceutics,PLGA,19,0,unknown,"No local curve mapping yet; 19 formulations across 5 factor tables",yes,yes,yes,no,unknown,yes,"O/W emulsion solvent evaporation",unknown,no,high_yield,extract_R_model_and_X_base,triaged,high,True,"MiMo","2026-06-14","Extremely rich paper. 19 formulations varying CP/DP ratio, PLGA concentration, PVA concentration, drug loading, pH. PLGA 50:50 (Resomer RG502H), DCM solvent, PVA emulsifier. Post-process proxies: SEM internal morphology, DSC, particle size, EE. Core-shell structure observed."
"10.3109/10837450.2011.635152","song2013","β-methasone-containing biodegradable poly(lactide-co-glycolide) acid microspheres for intraarticular injection",2013,Pharmaceutical Development and Technology,PLGA,16,0,unknown,"No local curve mapping yet; 16 formulations in Table 1 (F1-F16)",yes,yes,yes,no,unknown,yes,"S/O/W emulsion solvent evaporation",unknown,no,high_yield,extract_R_model_and_X_base,triaged,high,True,"MiMo","2026-06-14","Strong method section with explicit S/O/W route. Table 1 has 16 formulations varying drug/polymer ratio, PLGA concentration, PVA concentration, OP/AP ratio, stirring rate. PLGA 75:25 Mw 20000, DCM solvent, PVA 97% hydrolyzed. Post-process proxies: SEM, FTIR, particle size, EE."
"10.1208/s12249-010-9445-5","khaled2010","Prednisolone-Loaded PLGA Microspheres: Characterization and Application in Adjuvant-Induced Arthritis in Mice",2010,AAPS PharmSciTech,PLGA,9,0,unknown,"No local curve mapping yet; 9 formulations in Table 1",yes,yes,yes,no,unknown,yes,"O/W emulsion solvent evaporation",unknown,no,high_yield,extract_R_model_and_X_base,triaged,high,True,"MiMo","2026-06-14","Strong method section with explicit O/W route. Table 1 has 9 formulations varying PLGA concentration, PVA concentration, emulsifier type (PVA/SDS/Tween80/MC/gelatin). DCM solvent. Post-process proxies: SEM, particle size, EE. In vivo arthritis data."
"10.1007/s11095-010-0202-y","wischke2010","Development of PLGA-Based Injectable Delivery Systems For Hydrophobic Fenretinide",2010,Pharmaceutical Research,PLGA,8,0,unknown,"No local curve mapping yet; 8 formulations across s/o/w microparticles and in situ implants",yes,yes,yes,no,unknown,yes,"S/O/W emulsion solvent evaporation + in situ implant",unknown,no,high_yield,extract_R_model_and_X_base,triaged,high,True,"MiMo","2026-06-14","Rich paper with two carrier systems. S/O/W microparticles: DCM solvent, PVA 10kDa 80% hydrolyzed, Resomer RG 502H/503. 20% drug loading. In situ implants: NMP solvent. Post-process proxies: SEM, DSC, XRD, particle size, EE. Light-sensitive drug."
"10.1016/j.jddst.2015.10.009","gasmi2015","Importance of PLGA microparticle swelling for the control of prilocaine release",2015,Journal of Drug Delivery Science and Technology,PLGA,7,0,unknown,"No local curve mapping yet; 7 formulations varying drug loading in Table 1",yes,yes,yes,no,unknown,yes,"O/W emulsion solvent evaporation",unknown,no,high_yield,extract_R_model_and_X_base,triaged,high,True,"MiMo","2026-06-14","Strong method section with explicit O/W route. Table 1 has 7 formulations varying drug loading while keeping particle size constant. DCM solvent, PVA 0.25% emulsifier. Post-process proxies: GPC Mw, DSC Tg, SEM, XRD, swelling monitoring. Tri-phasic release."
"10.1016/j.ijpharm.2020.119601","grizic2020","Predictability of drug encapsulation and release from propylene carbonate/PLGA microparticles",2020,International Journal of Pharmaceutics,PLGA,7,0,unknown,"No local curve mapping yet; 7 formulations testing 7 different BCS class II drugs",yes,yes,no,no,unknown,yes,"PC/PLGA microparticle (non-DCM solvent)",unknown,no,high_yield,extract_R_model_and_X_base,triaged,high,True,"MiMo","2026-06-14","Unique paper using propylene carbonate (PC) as solvent instead of DCM. Tests 7 BCS class II drugs (celecoxib, clotrimazole, erythromycin, ibuprofen, indomethacin, lopinavir, ritonavir). Solubility parameter-based predictability study. Post-process proxies: SEM, DSC Tg, EE."
"10.2174/1567201816666181227105930","pervaiz2019","Development and Characterization of Olanzapine Loaded PLGA Microspheres for Depot Injection",2019,Current Drug Delivery,PLGA,8,0,unknown,"No local curve mapping yet; 8 formulations varying homogenization rate in Table 1",yes,yes,yes,no,unknown,yes,"O/W emulsion solvent evaporation",unknown,no,high_yield,extract_R_model_and_X_base,triaged,high,True,"MiMo","2026-06-14","Strong method section with explicit O/W route. Table 1 has 8 formulations varying homogenization rate. DCM:methanol 9:1 solvent, PVA 1% emulsifier. Post-process proxies: SEM, particle size, EE, DSC, FTIR. In vivo rat PK data."
