formulation_id,init_idx,r2,log_kw,log_kh,log_alpha,log_kd,log_ke,m_crit,q_burst,Q_max
47,0,0.9305477273409705,1.9999999999999998,-3.9734470464189138,1.900475450499963,-2.241635904586979,1.7161696112019216,0.06981463253368181,0.09664421185330446,0.5893250274754793
47,1,0.9305481001187763,1.9999999999999998,-3.9996691868536227,1.9559948765929063,-2.241574413289874,1.544690746665548,0.07449895747598285,0.0966439235547886,0.5893051663549288
47,2,0.9305489099359514,1.9999999999999998,-3.9999989254103654,1.9726170852062666,-2.2415657823603183,1.9014997450567772,0.050000002570355265,0.09664250352370372,0.5893099129650267
47,3,0.9248811520888632,1.9999999999999998,-4.1344394084139584e-17,1.9999999999999998,-2.9141635152585734,-2.9999999999999996,0.49999999999999994,0.1015317624831227,0.600926204036013
47,4,0.9305488573744228,1.9999999999999998,-3.9992276580391906,1.9813609637081167,-2.2415570268267646,1.8259426264124605,0.05000889613585866,0.09664284004441794,0.5893046011701204
47,5,0.9305489011519361,1.9999999999999998,-3.999997005701076,1.9670333853533137,-2.241588993406368,1.9359326562317545,0.05032825002203357,0.09664261708092817,0.5893174958893083
47,6,0.9305485531282204,1.9999999999999998,-3.9872558242856817,1.948076121638371,-2.2416028877007834,1.861938504508213,0.05321422796947678,0.09664329527448694,0.5893185814574111
47,7,0.9305487197252854,1.9999999999999998,-3.999979047902215,1.9859870091340297,-2.241561718144241,1.7312200017194286,0.05353232736402373,0.09664298918141476,0.5893042531858438
47,8,0.930548910319383,1.9999999999999998,-3.999996908718378,1.9688535428163239,-2.241597712358055,1.9285640345237207,0.050017486733516574,0.09664297719572812,0.5893181543621259
47,9,0.9305489075667323,1.9999999999999998,-3.999999958310238,1.9676089669794274,-2.2415761981024422,1.9379324410551562,0.05009016961189146,0.09664265920726317,0.5893123802319964
84,0,0.9729495866116419,1.9999999999999998,-9.707834865170566e-22,1.9999999999999998,-2.751653030487884,-2.9999999999999996,0.49999999999999994,0.09200174263226069,0.9999999999999999
84,1,0.9818009187619104,1.9999999999999998,-3.9045976390907065,1.999998745628489,-2.1505284864460315,1.9983468268638342,0.16478958739418426,0.08799710824342087,0.9619433225925146
84,2,0.9818009463515692,1.9999999999999998,-3.90468565731917,1.9999965148113754,-2.1505262859051726,1.9988147845251305,0.16482159429583607,0.08799736633295317,0.9619432144995518
84,3,0.9818009689151567,1.9999999999999998,-3.905026896439119,1.9999999999040377,-2.1505353512695624,1.9991732436779823,0.16502497738107996,0.08799812497863711,0.9619458164129822
84,4,0.9729495866116545,1.9999999999999998,-2.341863550427129e-23,1.9999999999999998,-2.7516532433875405,-2.9999999999998717,0.49999999999999994,0.09200176177372009,0.9999999999999999
84,5,0.9818009952096062,1.9999999999999998,-3.904886384840573,1.9999996105353772,-2.150538845102799,1.999608800827685,0.16491194238374152,0.08799831367456311,0.961946798807254
84,6,0.9818009672651987,1.9999999999999998,-3.9043217185239123,1.9999999998624305,-2.1505289518931083,1.9991532982362148,0.16456516493851966,0.08799792008656729,0.9619435369674891
84,7,0.9818009665048784,1.9999999999999998,-3.9049318371431894,1.9999958317405475,-2.150536076591042,1.999153439065538,0.1649692604109281,0.08799823669487529,0.9619454385014279
84,8,0.9818010147511552,1.9999999999999947,-3.9048004115264634,1.9999871915350356,-2.1505185057251635,1.9999989682340493,0.164844299059144,0.08799722582021735,0.9619394429236203
84,9,0.9818009864101155,1.9999999999999998,-3.9049466827029247,1.9999999999701965,-2.1505288025539717,1.999461728866027,0.1649623920529272,0.08799788632162456,0.9619430862174384
52,0,0.9908547790812667,1.9999999999999998,-3.9999920618781952,1.1073939947212041,-2.1357070719412636,1.3011292304406328,0.05653827883415426,0.0562653024127235,0.8689819284925129
52,1,0.9908543809023311,1.9999999999999998,-3.999949178420581,1.1084907253672294,-2.1357276837736707,1.1851493756590457,0.061612377716750454,0.05626521011365042,0.8689942372699806
52,2,0.9908545312700012,1.9999999999999998,-3.9999916270282396,1.110409358102783,-2.135726131561029,1.2240972225623767,0.059312424611913106,0.05626554795110547,0.8689917231420691
52,3,0.9897888988784302,1.9999999999999902,-1.7934055355294938e-14,1.9999999999999993,-2.6629277879822415,-2.9999999999999996,0.49999999999999584,0.06354259828081518,0.8694165540103664
52,4,0.9908533018931625,1.9999999999999998,-3.998011839842004,1.0978168513200244,-2.1356992589967576,0.9650998988814203,0.07471951420579359,0.05626314258356695,0.868988875851042
52,5,0.9867906657107973,1.1927005401542534,-0.1410785629090684,-1.0425997001333613,-2.558725127253213,-2.999073650294401,0.4913315582197394,0.0760175713251561,0.8656214047680789
52,6,0.9908540403666972,1.9999999999999998,-3.9999719662871307,1.1148817337065193,-2.135671586574273,1.099914849898406,0.0653980651131129,0.05626302110101593,0.8689727716674708
52,7,0.9908541915406105,1.9999999999999998,-3.999874039411431,1.113244668635962,-2.1357212872990687,1.1333463609544692,0.06312288803546731,0.056264757230877566,0.8689930827695649
52,8,0.990854225338654,1.9999999999999998,-3.9999087017863,1.1070317825801717,-2.135723753667925,1.1466638476835609,0.06398282593877114,0.05626508247446124,0.8689930819657482
52,9,0.9893193065126643,1.9999999999999998,-8.090344417364482e-34,1.9999999999999998,-2.464365533538086,-2.999999999999963,0.050000000745073284,0.06481716553605643,0.8678769219545082
128,0,0.996271561632551,1.9999999999999998,-2.2724628509098994,1.9999118465679946,-1.0154615049633278,-1.0365822612075475,0.2698072767542303,0.03697589704915024,0.9921428630384482
128,1,0.9962715647331518,1.9999999999999998,-2.2720519584937158,1.9999948685648425,-1.0154612544600463,-1.0365422827458575,0.2695163212615409,0.03697568452524687,0.9921429849240962
128,2,0.9962715616936842,1.9999999999999998,-2.272621832292273,1.9999132301236684,-1.0154507441961707,-1.035904495202524,0.26979603520485673,0.03697583355408445,0.9921360149044645
128,3,0.9962715617576638,1.9999999999999998,-2.2722218759196138,1.9999159247714398,-1.0154484310056189,-1.0357308611707499,0.26952212379754903,0.0369749358403011,0.99213470511143
128,4,0.9962715624791935,1.9999999999999998,-2.272056653499977,1.9999340219156931,-1.0154503054537338,-1.0361228003848701,0.26947566103817644,0.036973983581321576,0.9921381810376053
128,5,0.9962393475477284,1.999999303806659,-1.827543604150266,1.2749984335385998,-1.0150601186024337,-0.9499484135558327,0.23314546524530397,0.03697256460339095,0.9917567100437674
128,6,0.996271563070606,1.9999999999999998,-2.2722255383310084,1.9999503835390293,-1.0154477742485708,-1.0358698778351223,0.26952322567651765,0.03697536755474825,0.9921360210628728
128,7,0.9962715643153907,1.9999999999999998,-2.2730093376319545,1.999985873128813,-1.015458785256928,-1.036458407645999,0.27009638540280934,0.03697578198405793,0.992141324222957
128,8,0.9962715635370656,1.9999999999999998,-2.271600616303655,1.9999651033066637,-1.0154607707636492,-1.0361591561384569,0.2691882058588857,0.036976509695179335,0.9921395675227375
128,9,0.9962715627670243,1.9999999999999998,-2.2725360327122774,1.9999414555767245,-1.0154562631381803,-1.0363554470917304,0.26980214199663716,0.036975374406933006,0.9921407413643865
130,0,0.9985939091704299,1.9999999982894856,-1.9054318576457414,1.4039528863582693,-1.1295340091889197,-0.2776335821910003,0.24265921910048496,0.026807413723836642,0.992443960198708
130,1,0.9986379134740385,1.9999999996914637,-2.2335096701056387,1.9992416268803663,-1.1320431672074438,-0.43148140817914776,0.2577936427823534,0.026724343808450356,0.9947034584671602
130,2,0.9985803534969114,1.9989673222800817,-1.7946135364018942,1.1774548040245618,-1.13278426573518,-0.3039000551596885,0.2472367789778419,0.027070901526761282,0.9932646122407167
130,3,0.9985796994908156,1.9999999335281073,-1.7569917925836886,1.147913198704777,-1.1321808623407505,-0.272546609400042,0.23006741835785002,0.02677001209667396,0.9940361466695329
130,4,0.9985850499905413,1.9990547619945755,-1.8567746625417412,1.2703830231129427,-1.1310187094551667,-0.3153293901114518,0.26153085086617944,0.026700651446283342,0.9937513144904889
130,5,0.9986374179809765,1.999963385647469,-2.230955842745456,1.9950484872234255,-1.1310525263864903,-0.4243513308052979,0.2563298166822336,0.026683428062935003,0.9944527964525127
130,6,0.9985367429198003,1.969015669360939,-1.7442174602191345,1.0996488342879502,-1.1321443738661778,-0.35500986904570514,0.24757228803418815,0.027961172178535325,0.9933908374005578
130,7,0.9986347226757625,1.9981459532666013,-2.2281836774012436,1.982396181404674,-1.1302594261412418,-0.41518595788759427,0.2577720340404752,0.026594257544898307,0.9944786758410559
130,8,0.9985648464220077,1.999991100914144,-1.705921058877313,0.9613523767099471,-1.1316801767555993,-0.2060601937963107,0.24031431592839506,0.02686085794591589,0.9932450726852323
130,9,0.9985734344299928,1.9999828819015457,-1.7509567829052555,1.1041362245784212,-1.13138487997209,-0.24758406448135073,0.23787037476028672,0.02670203084430114,0.9938945127793287
